Date,Time,lux,temp,humid,presentase_lux,lux_score,lux_category,temp_score,temp_category,humid_score,humid_category,quality_score,quality_category
13/07/2024,14:20:03,27389.17,29.8,40.8,27.38917,2,Kurang Baik,2,Kurang Optimal (Terlalu Panas),2,Kurang Optimal (Kering),2,Cukup
13/07/2024,14:15:03,10580.83,28.6,41.4,10.58083,1,Buruk,2,Kurang Optimal (Terlalu Panas),2,Kurang Optimal (Kering),1.8,Kurang
13/07/2024,14:10:03,11365.83,29.1,39.4,11.36583,1,Buruk,2,Kurang Optimal (Terlalu Panas),1,Buruk (Sangat Kering),1.3,Kurang
13/07/2024,14:05:05,10763.33,30.3,38.7,10.76333,1,Buruk,1,Berpotensi Merusak,1,Buruk (Sangat Kering),1,Kurang
13/07/2024,14:00:03,12728.33,30.7,37.4,12.72833,1,Buruk,1,Berpotensi Merusak,1,Buruk (Sangat Kering),1,Kurang
13/07/2024,13:55:07,11625.83,30.3,38.3,11.62583,1,Buruk,1,Berpotensi Merusak,1,Buruk (Sangat Kering),1,Kurang
13/07/2024,13:50:05,9704.17,30.6,37.4,9.70417,1,Buruk,1,Berpotensi Merusak,1,Buruk (Sangat Kering),1,Kurang
13/07/2024,13:45:03,10068.33,31.7,35.6,10.06833,1,Buruk,1,Berpotensi Merusak,1,Buruk (Sangat Kering),1,Kurang
13/07/2024,13:40:03,12110,32.4,33.5,12.11,1,Buruk,1,Berpotensi Merusak,1,Buruk (Sangat Kering),1,Kurang
13/07/2024,13:35:04,13085.83,33.8,30.8,13.08583,1,Buruk,1,Berpotensi Merusak,1,Buruk (Sangat Kering),1,Kurang
13/07/2024,13:30:03,14267.5,35.2,29.9,14.2675,1,Buruk,1,Berpotensi Merusak,1,Buruk (Sangat Kering),1,Kurang
13/07/2024,13:25:03,33828.33,36.4,28.1,33.82833,2,Kurang Baik,1,Berpotensi Merusak,1,Buruk (Sangat Kering),1.2,Kurang
13/07/2024,13:20:03,46647.5,36.5,27.7,46.6475,2,Kurang Baik,1,Berpotensi Merusak,1,Buruk (Sangat Kering),1.2,Kurang
13/07/2024,13:15:04,46255,37.2,26.8,46.255,2,Kurang Baik,1,Berpotensi Merusak,1,Buruk (Sangat Kering),1.2,Kurang
13/07/2024,13:10:04,45944.16,37.4,27.1,45.94416,2,Kurang Baik,1,Berpotensi Merusak,1,Buruk (Sangat Kering),1.2,Kurang
13/07/2024,13:05:04,49940.83,36.6,27.4,49.94083,2,Kurang Baik,1,Berpotensi Merusak,1,Buruk (Sangat Kering),1.2,Kurang
13/07/2024,13:00:03,49596.66,36.6,27,49.59666,2,Kurang Baik,1,Berpotensi Merusak,1,Buruk (Sangat Kering),1.2,Kurang
13/07/2024,12:55:10,48515.83,36.5,27.2,48.51583,2,Kurang Baik,1,Berpotensi Merusak,1,Buruk (Sangat Kering),1.2,Kurang
13/07/2024,12:50:05,49098.33,36.7,27.8,49.09833,2,Kurang Baik,1,Berpotensi Merusak,1,Buruk (Sangat Kering),1.2,Kurang
13/07/2024,12:45:05,47695.83,37.4,26.5,47.69583,2,Kurang Baik,1,Berpotensi Merusak,1,Buruk (Sangat Kering),1.2,Kurang
13/07/2024,12:40:04,54612.5,37.2,27.2,54.6125,3,Optimal,1,Berpotensi Merusak,1,Buruk (Sangat Kering),1.4,Kurang
13/07/2024,12:35:04,51888.33,36.1,28,51.88833,3,Optimal,1,Berpotensi Merusak,1,Buruk (Sangat Kering),1.4,Kurang
13/07/2024,12:30:03,41655,37.2,25.3,41.655,2,Kurang Baik,1,Berpotensi Merusak,1,Buruk (Sangat Kering),1.2,Kurang
13/07/2024,12:25:04,54612.5,37.9,25.2,54.6125,3,Optimal,1,Berpotensi Merusak,1,Buruk (Sangat Kering),1.4,Kurang
13/07/2024,12:20:04,54612.5,37.4,25.5,54.6125,3,Optimal,1,Berpotensi Merusak,1,Buruk (Sangat Kering),1.4,Kurang
13/07/2024,12:15:03,54612.5,37.6,25.8,54.6125,3,Optimal,1,Berpotensi Merusak,1,Buruk (Sangat Kering),1.4,Kurang
13/07/2024,12:10:04,54612.5,37.8,25.9,54.6125,3,Optimal,1,Berpotensi Merusak,1,Buruk (Sangat Kering),1.4,Kurang
13/07/2024,12:05:04,54612.5,37,24.9,54.6125,3,Optimal,1,Berpotensi Merusak,1,Buruk (Sangat Kering),1.4,Kurang
13/07/2024,12:00:03,54612.5,37.1,26.2,54.6125,3,Optimal,1,Berpotensi Merusak,1,Buruk (Sangat Kering),1.4,Kurang
13/07/2024,11:55:04,54612.5,36.3,25.4,54.6125,3,Optimal,1,Berpotensi Merusak,1,Buruk (Sangat Kering),1.4,Kurang
13/07/2024,11:50:03,54612.5,36.9,25.4,54.6125,3,Optimal,1,Berpotensi Merusak,1,Buruk (Sangat Kering),1.4,Kurang
13/07/2024,11:45:05,54612.5,37.4,25,54.6125,3,Optimal,1,Berpotensi Merusak,1,Buruk (Sangat Kering),1.4,Kurang
13/07/2024,11:40:05,54612.5,37.3,23.8,54.6125,3,Optimal,1,Berpotensi Merusak,1,Buruk (Sangat Kering),1.4,Kurang
13/07/2024,11:35:04,54612.5,36.9,23.5,54.6125,3,Optimal,1,Berpotensi Merusak,1,Buruk (Sangat Kering),1.4,Kurang
13/07/2024,11:30:03,54612.5,37.9,23.5,54.6125,3,Optimal,1,Berpotensi Merusak,1,Buruk (Sangat Kering),1.4,Kurang
13/07/2024,11:25:03,54612.5,37.6,22.7,54.6125,3,Optimal,1,Berpotensi Merusak,1,Buruk (Sangat Kering),1.4,Kurang
13/07/2024,11:20:04,54612.5,37.7,20.2,54.6125,3,Optimal,1,Berpotensi Merusak,1,Buruk (Sangat Kering),1.4,Kurang
13/07/2024,11:15:03,54612.5,37.7,22.9,54.6125,3,Optimal,1,Berpotensi Merusak,1,Buruk (Sangat Kering),1.4,Kurang
13/07/2024,11:10:03,54612.5,36.5,23.7,54.6125,3,Optimal,1,Berpotensi Merusak,1,Buruk (Sangat Kering),1.4,Kurang
13/07/2024,11:05:06,54612.5,36.4,23.9,54.6125,3,Optimal,1,Berpotensi Merusak,1,Buruk (Sangat Kering),1.4,Kurang
13/07/2024,11:00:03,54612.5,36.1,22.5,54.6125,3,Optimal,1,Berpotensi Merusak,1,Buruk (Sangat Kering),1.4,Kurang
13/07/2024,10:55:09,54612.5,35.9,23.9,54.6125,3,Optimal,1,Berpotensi Merusak,1,Buruk (Sangat Kering),1.4,Kurang
13/07/2024,10:50:04,54612.5,36.9,24.8,54.6125,3,Optimal,1,Berpotensi Merusak,1,Buruk (Sangat Kering),1.4,Kurang
13/07/2024,10:45:03,54612.5,36.9,25.6,54.6125,3,Optimal,1,Berpotensi Merusak,1,Buruk (Sangat Kering),1.4,Kurang
13/07/2024,10:40:03,54612.5,37,26.6,54.6125,3,Optimal,1,Berpotensi Merusak,1,Buruk (Sangat Kering),1.4,Kurang
13/07/2024,10:35:05,54612.5,36.9,24.2,54.6125,3,Optimal,1,Berpotensi Merusak,1,Buruk (Sangat Kering),1.4,Kurang
13/07/2024,10:30:06,54612.5,36.4,24.5,54.6125,3,Optimal,1,Berpotensi Merusak,1,Buruk (Sangat Kering),1.4,Kurang
13/07/2024,10:25:03,54612.5,36.5,27,54.6125,3,Optimal,1,Berpotensi Merusak,1,Buruk (Sangat Kering),1.4,Kurang
13/07/2024,10:20:05,54435.83,36.4,24.4,54.43583,3,Optimal,1,Berpotensi Merusak,1,Buruk (Sangat Kering),1.4,Kurang
13/07/2024,10:15:16,54612.5,36.3,24.7,54.6125,3,Optimal,1,Berpotensi Merusak,1,Buruk (Sangat Kering),1.4,Kurang
13/07/2024,10:10:04,53720.83,36.3,23.9,53.72083,3,Optimal,1,Berpotensi Merusak,1,Buruk (Sangat Kering),1.4,Kurang
13/07/2024,10:05:06,52077.5,35.7,28.2,52.0775,3,Optimal,1,Berpotensi Merusak,1,Buruk (Sangat Kering),1.4,Kurang
13/07/2024,10:00:04,52706.66,35.1,24.7,52.70666,3,Optimal,1,Berpotensi Merusak,1,Buruk (Sangat Kering),1.4,Kurang
13/07/2024,09:55:04,52199.16,35.4,26.3,52.19916,3,Optimal,1,Berpotensi Merusak,1,Buruk (Sangat Kering),1.4,Kurang
13/07/2024,09:50:04,51513.33,34.8,26.9,51.51333,3,Optimal,1,Berpotensi Merusak,1,Buruk (Sangat Kering),1.4,Kurang
13/07/2024,09:45:08,50050,34.5,26.9,50.05,3,Optimal,1,Berpotensi Merusak,1,Buruk (Sangat Kering),1.4,Kurang
13/07/2024,09:40:42,50707.5,33.5,28.9,50.7075,3,Optimal,1,Berpotensi Merusak,1,Buruk (Sangat Kering),1.4,Kurang
13/07/2024,09:40:08,50544.16,33.4,28.7,50.54416,3,Optimal,1,Berpotensi Merusak,1,Buruk (Sangat Kering),1.4,Kurang
13/07/2024,09:35:05,47782.5,33.7,27.8,47.7825,2,Kurang Baik,1,Berpotensi Merusak,1,Buruk (Sangat Kering),1.2,Kurang
13/07/2024,09:30:04,47020,34,30.4,47.02,2,Kurang Baik,1,Berpotensi Merusak,1,Buruk (Sangat Kering),1.2,Kurang
13/07/2024,09:25:03,44518.33,33.8,28.1,44.51833,2,Kurang Baik,1,Berpotensi Merusak,1,Buruk (Sangat Kering),1.2,Kurang
13/07/2024,09:20:04,42041.66,33.7,26.5,42.04166,2,Kurang Baik,1,Berpotensi Merusak,1,Buruk (Sangat Kering),1.2,Kurang
13/07/2024,09:15:18,41115.83,34.6,29.8,41.11583,2,Kurang Baik,1,Berpotensi Merusak,1,Buruk (Sangat Kering),1.2,Kurang
13/07/2024,09:10:03,41465,34.1,30.6,41.465,2,Kurang Baik,1,Berpotensi Merusak,1,Buruk (Sangat Kering),1.2,Kurang
13/07/2024,09:05:06,39023.33,33,32.2,39.02333,2,Kurang Baik,1,Berpotensi Merusak,1,Buruk (Sangat Kering),1.2,Kurang
13/07/2024,09:00:04,36855,32.5,32.6,36.855,2,Kurang Baik,1,Berpotensi Merusak,1,Buruk (Sangat Kering),1.2,Kurang
13/07/2024,08:55:04,34603.33,32,35,34.60333,2,Kurang Baik,1,Berpotensi Merusak,1,Buruk (Sangat Kering),1.2,Kurang
13/07/2024,08:50:06,32986.66,31.8,35.4,32.98666,2,Kurang Baik,1,Berpotensi Merusak,1,Buruk (Sangat Kering),1.2,Kurang
13/07/2024,08:45:04,32460,31.5,36,32.46,2,Kurang Baik,1,Berpotensi Merusak,1,Buruk (Sangat Kering),1.2,Kurang
13/07/2024,08:40:05,32709.17,30.9,37,32.70917,2,Kurang Baik,1,Berpotensi Merusak,1,Buruk (Sangat Kering),1.2,Kurang
13/07/2024,08:35:05,32379.17,30.6,38.7,32.37917,2,Kurang Baik,1,Berpotensi Merusak,1,Buruk (Sangat Kering),1.2,Kurang
13/07/2024,08:30:03,30966.67,29.7,41.9,30.96667,2,Kurang Baik,2,Kurang Optimal (Terlalu Panas),2,Kurang Optimal (Kering),2,Cukup
13/07/2024,08:25:07,28956.67,29.4,43.2,28.95667,2,Kurang Baik,2,Kurang Optimal (Terlalu Panas),2,Kurang Optimal (Kering),2,Cukup
13/07/2024,08:20:05,26364.17,28.6,44.3,26.36417,2,Kurang Baik,2,Kurang Optimal (Terlalu Panas),2,Kurang Optimal (Kering),2,Cukup
13/07/2024,08:15:11,25658.33,28.1,45.8,25.65833,2,Kurang Baik,2,Kurang Optimal (Terlalu Panas),2,Kurang Optimal (Kering),2,Cukup
13/07/2024,08:10:04,24744.17,27.2,47.7,24.74417,1,Buruk,4,Optimal,2,Kurang Optimal (Kering),2.4,Cukup
13/07/2024,08:05:05,24132.5,26.4,49.5,24.1325,1,Buruk,4,Optimal,2,Kurang Optimal (Kering),2.4,Cukup
13/07/2024,08:00:05,23227.5,25.9,50.1,23.2275,1,Buruk,4,Optimal,3,Normal (Aman),2.9,Cukup
13/07/2024,07:55:06,22287.5,25.3,52.6,22.2875,1,Buruk,4,Optimal,3,Normal (Aman),2.9,Cukup
13/07/2024,07:50:08,20865,24.6,55.4,20.865,1,Buruk,3,Normal (Aman),3,Normal (Aman),2.6,Cukup
13/07/2024,07:45:03,19535,23.8,56.5,19.535,1,Buruk,3,Normal (Aman),3,Normal (Aman),2.6,Cukup
13/07/2024,07:40:07,18240,23,58.3,18.24,1,Buruk,3,Normal (Aman),3,Normal (Aman),2.6,Cukup
13/07/2024,07:35:04,16761.67,22.3,60.9,16.76167,1,Buruk,3,Normal (Aman),4,Optimal,3.1,Baik
13/07/2024,07:30:04,15455.83,21.4,63.5,15.45583,1,Buruk,3,Normal (Aman),4,Optimal,3.1,Baik
13/07/2024,07:25:03,14295.83,20.4,67.3,14.29583,1,Buruk,3,Normal (Aman),4,Optimal,3.1,Baik
13/07/2024,07:20:04,12933.33,19.5,69.5,12.93333,1,Buruk,3,Normal (Aman),4,Optimal,3.1,Baik
13/07/2024,07:15:05,11722.5,18.6,70,11.7225,1,Buruk,3,Normal (Aman),4,Optimal,3.1,Baik
13/07/2024,07:10:03,10641.67,18,71.3,10.64167,1,Buruk,2,Kurang Optimal (Terlalu Dingin),4,Optimal,2.8,Cukup
13/07/2024,07:05:04,9502.5,17.4,74.9,9.5025,1,Buruk,2,Kurang Optimal (Terlalu Dingin),4,Optimal,2.8,Cukup
13/07/2024,07:00:03,8426.67,16.8,74.2,8.42667,1,Buruk,2,Kurang Optimal (Terlalu Dingin),4,Optimal,2.8,Cukup
13/07/2024,06:55:03,7410.83,16.1,76.3,7.41083,1,Buruk,2,Kurang Optimal (Terlalu Dingin),4,Optimal,2.8,Cukup
13/07/2024,06:50:05,6312.5,15.7,78.6,6.3125,1,Buruk,2,Kurang Optimal (Terlalu Dingin),4,Optimal,2.8,Cukup
13/07/2024,06:45:04,5239.17,15.1,80.7,5.23917,1,Buruk,2,Kurang Optimal (Terlalu Dingin),2,Kurang Optimal (Lembab),1.8,Kurang
13/07/2024,06:40:04,4285.83,14.6,82.2,4.28583,1,Buruk,2,Kurang Optimal (Terlalu Dingin),2,Kurang Optimal (Lembab),1.8,Kurang
13/07/2024,06:35:03,3685.83,14.2,83.1,3.68583,1,Buruk,2,Kurang Optimal (Terlalu Dingin),2,Kurang Optimal (Lembab),1.8,Kurang
13/07/2024,06:30:05,2687.5,13.9,82.9,2.6875,1,Buruk,1,Dingin (Buruk),2,Kurang Optimal (Lembab),1.5,Kurang
13/07/2024,06:25:03,2260.83,13.7,83.4,2.26083,1,Buruk,1,Dingin (Buruk),2,Kurang Optimal (Lembab),1.5,Kurang
13/07/2024,06:20:04,1593.33,13.3,84.6,1.59333,1,Buruk,1,Dingin (Buruk),2,Kurang Optimal (Lembab),1.5,Kurang
13/07/2024,06:15:08,1035.83,13.1,84.7,1.03583,1,Buruk,1,Dingin (Buruk),2,Kurang Optimal (Lembab),1.5,Kurang
13/07/2024,06:10:03,527.5,13,85,0.5275,1,Buruk,1,Dingin (Buruk),2,Kurang Optimal (Lembab),1.5,Kurang
13/07/2024,06:05:03,300,13,86,0.3,1,Buruk,1,Dingin (Buruk),2,Kurang Optimal (Lembab),1.5,Kurang
13/07/2024,06:00:03,147.5,12.9,86.5,0.1475,1,Buruk,1,Dingin (Buruk),2,Kurang Optimal (Lembab),1.5,Kurang
13/07/2024,05:55:05,72.5,12.8,86.6,0.0725,1,Buruk,1,Dingin (Buruk),2,Kurang Optimal (Lembab),1.5,Kurang
13/07/2024,05:50:06,25,12.9,86.2,0.025,1,Buruk,1,Dingin (Buruk),2,Kurang Optimal (Lembab),1.5,Kurang
13/07/2024,05:45:04,6.67,12.8,85,0.00667,1,Buruk,1,Dingin (Buruk),2,Kurang Optimal (Lembab),1.5,Kurang
13/07/2024,05:40:08,1.67,12.9,85.2,0.00167,1,Buruk,1,Dingin (Buruk),2,Kurang Optimal (Lembab),1.5,Kurang
13/07/2024,05:35:04,0.83,12.9,85.3,0.00083,1,Buruk,1,Dingin (Buruk),2,Kurang Optimal (Lembab),1.5,Kurang
13/07/2024,05:30:03,0,12.9,85.7,0,1,Buruk,1,Dingin (Buruk),2,Kurang Optimal (Lembab),1.5,Kurang
13/07/2024,05:25:03,0,12.9,85.1,0,1,Buruk,1,Dingin (Buruk),2,Kurang Optimal (Lembab),1.5,Kurang
13/07/2024,05:20:04,0,12.9,84.3,0,1,Buruk,1,Dingin (Buruk),2,Kurang Optimal (Lembab),1.5,Kurang
13/07/2024,05:15:03,0,12.9,84.5,0,1,Buruk,1,Dingin (Buruk),2,Kurang Optimal (Lembab),1.5,Kurang
13/07/2024,05:10:04,0,12.9,85.6,0,1,Buruk,1,Dingin (Buruk),2,Kurang Optimal (Lembab),1.5,Kurang
13/07/2024,05:05:03,0,13,86.9,0,1,Buruk,1,Dingin (Buruk),2,Kurang Optimal (Lembab),1.5,Kurang
13/07/2024,05:00:03,0,13,85.8,0,1,Buruk,1,Dingin (Buruk),2,Kurang Optimal (Lembab),1.5,Kurang
13/07/2024,04:55:03,0,13,84.8,0,1,Buruk,1,Dingin (Buruk),2,Kurang Optimal (Lembab),1.5,Kurang
13/07/2024,04:50:09,0,13,84,0,1,Buruk,1,Dingin (Buruk),2,Kurang Optimal (Lembab),1.5,Kurang
13/07/2024,04:45:05,0,13,84.1,0,1,Buruk,1,Dingin (Buruk),2,Kurang Optimal (Lembab),1.5,Kurang
13/07/2024,04:40:03,0,13.2,84.2,0,1,Buruk,1,Dingin (Buruk),2,Kurang Optimal (Lembab),1.5,Kurang
13/07/2024,04:35:08,0,13.3,85.2,0,1,Buruk,1,Dingin (Buruk),2,Kurang Optimal (Lembab),1.5,Kurang
13/07/2024,04:30:03,0,13.3,84.6,0,1,Buruk,1,Dingin (Buruk),2,Kurang Optimal (Lembab),1.5,Kurang
13/07/2024,04:25:03,0,13.4,83.9,0,1,Buruk,1,Dingin (Buruk),2,Kurang Optimal (Lembab),1.5,Kurang
13/07/2024,04:20:05,0,13.4,83.8,0,1,Buruk,1,Dingin (Buruk),2,Kurang Optimal (Lembab),1.5,Kurang
13/07/2024,04:15:03,0,13.4,84.1,0,1,Buruk,1,Dingin (Buruk),2,Kurang Optimal (Lembab),1.5,Kurang
13/07/2024,04:10:05,0,13.4,84.1,0,1,Buruk,1,Dingin (Buruk),2,Kurang Optimal (Lembab),1.5,Kurang
13/07/2024,04:05:05,0,13.6,84.6,0,1,Buruk,1,Dingin (Buruk),2,Kurang Optimal (Lembab),1.5,Kurang
13/07/2024,04:00:06,0,13.6,84.2,0,1,Buruk,1,Dingin (Buruk),2,Kurang Optimal (Lembab),1.5,Kurang
13/07/2024,03:55:03,0,13.7,83.5,0,1,Buruk,1,Dingin (Buruk),2,Kurang Optimal (Lembab),1.5,Kurang
13/07/2024,03:50:04,0,13.8,83.6,0,1,Buruk,1,Dingin (Buruk),2,Kurang Optimal (Lembab),1.5,Kurang
13/07/2024,03:45:04,0,13.7,85,0,1,Buruk,1,Dingin (Buruk),2,Kurang Optimal (Lembab),1.5,Kurang
13/07/2024,03:40:03,0,13.8,86.5,0,1,Buruk,1,Dingin (Buruk),2,Kurang Optimal (Lembab),1.5,Kurang
13/07/2024,03:35:04,0,13.7,86.6,0,1,Buruk,1,Dingin (Buruk),2,Kurang Optimal (Lembab),1.5,Kurang
13/07/2024,03:30:06,0,13.5,86.6,0,1,Buruk,1,Dingin (Buruk),2,Kurang Optimal (Lembab),1.5,Kurang
13/07/2024,03:25:25,0,13.4,85.6,0,1,Buruk,1,Dingin (Buruk),2,Kurang Optimal (Lembab),1.5,Kurang
13/07/2024,03:20:04,0,13.4,85.4,0,1,Buruk,1,Dingin (Buruk),2,Kurang Optimal (Lembab),1.5,Kurang
13/07/2024,03:15:03,0,13.5,84.8,0,1,Buruk,1,Dingin (Buruk),2,Kurang Optimal (Lembab),1.5,Kurang
13/07/2024,03:10:04,0,13.6,85.9,0,1,Buruk,1,Dingin (Buruk),2,Kurang Optimal (Lembab),1.5,Kurang
13/07/2024,03:05:04,0,13.7,85.3,0,1,Buruk,1,Dingin (Buruk),2,Kurang Optimal (Lembab),1.5,Kurang
13/07/2024,03:00:03,0,13.6,86,0,1,Buruk,1,Dingin (Buruk),2,Kurang Optimal (Lembab),1.5,Kurang
13/07/2024,02:55:04,0,13.7,85.1,0,1,Buruk,1,Dingin (Buruk),2,Kurang Optimal (Lembab),1.5,Kurang
13/07/2024,02:50:03,0,13.8,84.4,0,1,Buruk,1,Dingin (Buruk),2,Kurang Optimal (Lembab),1.5,Kurang
13/07/2024,02:45:04,0,13.8,85.1,0,1,Buruk,1,Dingin (Buruk),2,Kurang Optimal (Lembab),1.5,Kurang
13/07/2024,02:40:04,0,14,86.2,0,1,Buruk,2,Kurang Optimal (Terlalu Dingin),2,Kurang Optimal (Lembab),1.8,Kurang
13/07/2024,02:35:04,0,14,86.6,0,1,Buruk,2,Kurang Optimal (Terlalu Dingin),2,Kurang Optimal (Lembab),1.8,Kurang
13/07/2024,02:30:03,0,14.1,85.6,0,1,Buruk,2,Kurang Optimal (Terlalu Dingin),2,Kurang Optimal (Lembab),1.8,Kurang
13/07/2024,02:25:10,0,14.1,83.8,0,1,Buruk,2,Kurang Optimal (Terlalu Dingin),2,Kurang Optimal (Lembab),1.8,Kurang
13/07/2024,02:20:06,0,14.2,83.4,0,1,Buruk,2,Kurang Optimal (Terlalu Dingin),2,Kurang Optimal (Lembab),1.8,Kurang
13/07/2024,02:15:03,0,14.2,84,0,1,Buruk,2,Kurang Optimal (Terlalu Dingin),2,Kurang Optimal (Lembab),1.8,Kurang
13/07/2024,02:10:04,0,14.3,84.4,0,1,Buruk,2,Kurang Optimal (Terlalu Dingin),2,Kurang Optimal (Lembab),1.8,Kurang
13/07/2024,02:05:03,0,14.4,83.9,0,1,Buruk,2,Kurang Optimal (Terlalu Dingin),2,Kurang Optimal (Lembab),1.8,Kurang
13/07/2024,02:00:03,0,14.4,84.2,0,1,Buruk,2,Kurang Optimal (Terlalu Dingin),2,Kurang Optimal (Lembab),1.8,Kurang
13/07/2024,01:55:04,0,14.4,84.4,0,1,Buruk,2,Kurang Optimal (Terlalu Dingin),2,Kurang Optimal (Lembab),1.8,Kurang
13/07/2024,01:50:03,0,14.3,84.4,0,1,Buruk,2,Kurang Optimal (Terlalu Dingin),2,Kurang Optimal (Lembab),1.8,Kurang
13/07/2024,01:45:03,0,14.4,83.9,0,1,Buruk,2,Kurang Optimal (Terlalu Dingin),2,Kurang Optimal (Lembab),1.8,Kurang
13/07/2024,01:40:04,0,14.3,82.9,0,1,Buruk,2,Kurang Optimal (Terlalu Dingin),2,Kurang Optimal (Lembab),1.8,Kurang
13/07/2024,01:35:03,0,14.5,82.6,0,1,Buruk,2,Kurang Optimal (Terlalu Dingin),2,Kurang Optimal (Lembab),1.8,Kurang
13/07/2024,01:30:03,0,14.4,83.1,0,1,Buruk,2,Kurang Optimal (Terlalu Dingin),2,Kurang Optimal (Lembab),1.8,Kurang
13/07/2024,01:25:05,0,14.5,83.2,0,1,Buruk,2,Kurang Optimal (Terlalu Dingin),2,Kurang Optimal (Lembab),1.8,Kurang
13/07/2024,01:20:03,0,14.5,83.2,0,1,Buruk,2,Kurang Optimal (Terlalu Dingin),2,Kurang Optimal (Lembab),1.8,Kurang
13/07/2024,01:15:05,0,14.8,82.2,0,1,Buruk,2,Kurang Optimal (Terlalu Dingin),2,Kurang Optimal (Lembab),1.8,Kurang
13/07/2024,01:10:04,0,14.8,82.3,0,1,Buruk,2,Kurang Optimal (Terlalu Dingin),2,Kurang Optimal (Lembab),1.8,Kurang
13/07/2024,01:05:04,0,14.9,82.9,0,1,Buruk,2,Kurang Optimal (Terlalu Dingin),2,Kurang Optimal (Lembab),1.8,Kurang
13/07/2024,01:00:05,0,15.1,82.9,0,1,Buruk,2,Kurang Optimal (Terlalu Dingin),2,Kurang Optimal (Lembab),1.8,Kurang
13/07/2024,00:55:03,0,15.1,84,0,1,Buruk,2,Kurang Optimal (Terlalu Dingin),2,Kurang Optimal (Lembab),1.8,Kurang
13/07/2024,00:50:04,0,15,85.2,0,1,Buruk,2,Kurang Optimal (Terlalu Dingin),2,Kurang Optimal (Lembab),1.8,Kurang
13/07/2024,00:45:09,0,15,84.8,0,1,Buruk,2,Kurang Optimal (Terlalu Dingin),2,Kurang Optimal (Lembab),1.8,Kurang
13/07/2024,00:40:04,0,15.1,84,0,1,Buruk,2,Kurang Optimal (Terlalu Dingin),2,Kurang Optimal (Lembab),1.8,Kurang
13/07/2024,00:35:03,0,15.1,83.7,0,1,Buruk,2,Kurang Optimal (Terlalu Dingin),2,Kurang Optimal (Lembab),1.8,Kurang
13/07/2024,00:30:03,0,15.1,83.8,0,1,Buruk,2,Kurang Optimal (Terlalu Dingin),2,Kurang Optimal (Lembab),1.8,Kurang
13/07/2024,00:25:04,0,15.1,84.4,0,1,Buruk,2,Kurang Optimal (Terlalu Dingin),2,Kurang Optimal (Lembab),1.8,Kurang
13/07/2024,00:20:03,0,15.1,84.3,0,1,Buruk,2,Kurang Optimal (Terlalu Dingin),2,Kurang Optimal (Lembab),1.8,Kurang
13/07/2024,00:15:04,0,15.1,84.3,0,1,Buruk,2,Kurang Optimal (Terlalu Dingin),2,Kurang Optimal (Lembab),1.8,Kurang
13/07/2024,00:10:03,0,15.2,85.6,0,1,Buruk,2,Kurang Optimal (Terlalu Dingin),2,Kurang Optimal (Lembab),1.8,Kurang
13/07/2024,00:05:04,0,15.2,85.4,0,1,Buruk,2,Kurang Optimal (Terlalu Dingin),2,Kurang Optimal (Lembab),1.8,Kurang
13/07/2024,00:00:04,0,15.3,84.3,0,1,Buruk,2,Kurang Optimal (Terlalu Dingin),2,Kurang Optimal (Lembab),1.8,Kurang
12/07/2024,23:55:04,0,15.4,83.5,0,1,Buruk,2,Kurang Optimal (Terlalu Dingin),2,Kurang Optimal (Lembab),1.8,Kurang
12/07/2024,23:50:03,0,15.5,84.3,0,1,Buruk,2,Kurang Optimal (Terlalu Dingin),2,Kurang Optimal (Lembab),1.8,Kurang
12/07/2024,23:45:04,0,15.6,85.2,0,1,Buruk,2,Kurang Optimal (Terlalu Dingin),2,Kurang Optimal (Lembab),1.8,Kurang
12/07/2024,23:40:04,0,15.8,83.9,0,1,Buruk,2,Kurang Optimal (Terlalu Dingin),2,Kurang Optimal (Lembab),1.8,Kurang
12/07/2024,23:35:03,0,15.8,83.5,0,1,Buruk,2,Kurang Optimal (Terlalu Dingin),2,Kurang Optimal (Lembab),1.8,Kurang
12/07/2024,23:30:03,0,15.8,84.2,0,1,Buruk,2,Kurang Optimal (Terlalu Dingin),2,Kurang Optimal (Lembab),1.8,Kurang
12/07/2024,23:25:05,0,15.9,83.6,0,1,Buruk,2,Kurang Optimal (Terlalu Dingin),2,Kurang Optimal (Lembab),1.8,Kurang
12/07/2024,23:20:03,0,16,84.8,0,1,Buruk,2,Kurang Optimal (Terlalu Dingin),2,Kurang Optimal (Lembab),1.8,Kurang
12/07/2024,23:15:04,0,15.9,85.3,0,1,Buruk,2,Kurang Optimal (Terlalu Dingin),2,Kurang Optimal (Lembab),1.8,Kurang
12/07/2024,23:10:04,0,15.9,85.6,0,1,Buruk,2,Kurang Optimal (Terlalu Dingin),2,Kurang Optimal (Lembab),1.8,Kurang
12/07/2024,23:05:04,0,15.9,84.9,0,1,Buruk,2,Kurang Optimal (Terlalu Dingin),2,Kurang Optimal (Lembab),1.8,Kurang
12/07/2024,23:00:03,0,16,86.3,0,1,Buruk,2,Kurang Optimal (Terlalu Dingin),2,Kurang Optimal (Lembab),1.8,Kurang
12/07/2024,22:55:03,0,16,85,0,1,Buruk,2,Kurang Optimal (Terlalu Dingin),2,Kurang Optimal (Lembab),1.8,Kurang
12/07/2024,22:50:04,0,16.1,83.7,0,1,Buruk,2,Kurang Optimal (Terlalu Dingin),2,Kurang Optimal (Lembab),1.8,Kurang
12/07/2024,22:45:03,0,16.2,84.3,0,1,Buruk,2,Kurang Optimal (Terlalu Dingin),2,Kurang Optimal (Lembab),1.8,Kurang
12/07/2024,22:40:08,0,16.2,84.2,0,1,Buruk,2,Kurang Optimal (Terlalu Dingin),2,Kurang Optimal (Lembab),1.8,Kurang
12/07/2024,22:35:06,0,16.4,84.2,0,1,Buruk,2,Kurang Optimal (Terlalu Dingin),2,Kurang Optimal (Lembab),1.8,Kurang
12/07/2024,22:30:03,0,16.4,83.4,0,1,Buruk,2,Kurang Optimal (Terlalu Dingin),2,Kurang Optimal (Lembab),1.8,Kurang
12/07/2024,22:25:03,0,16.3,83.2,0,1,Buruk,2,Kurang Optimal (Terlalu Dingin),2,Kurang Optimal (Lembab),1.8,Kurang
12/07/2024,22:20:05,0,16.4,83.7,0,1,Buruk,2,Kurang Optimal (Terlalu Dingin),2,Kurang Optimal (Lembab),1.8,Kurang
12/07/2024,22:15:03,0,16.5,83.6,0,1,Buruk,2,Kurang Optimal (Terlalu Dingin),2,Kurang Optimal (Lembab),1.8,Kurang
12/07/2024,22:10:07,0,16.6,84,0,1,Buruk,2,Kurang Optimal (Terlalu Dingin),2,Kurang Optimal (Lembab),1.8,Kurang
12/07/2024,22:05:05,0,16.5,83.6,0,1,Buruk,2,Kurang Optimal (Terlalu Dingin),2,Kurang Optimal (Lembab),1.8,Kurang
12/07/2024,22:00:03,0,16.7,83.2,0,1,Buruk,2,Kurang Optimal (Terlalu Dingin),2,Kurang Optimal (Lembab),1.8,Kurang
12/07/2024,21:55:05,0,16.7,82.9,0,1,Buruk,2,Kurang Optimal (Terlalu Dingin),2,Kurang Optimal (Lembab),1.8,Kurang
12/07/2024,21:50:04,0,16.8,82.6,0,1,Buruk,2,Kurang Optimal (Terlalu Dingin),2,Kurang Optimal (Lembab),1.8,Kurang
12/07/2024,21:45:04,0,17,83.5,0,1,Buruk,2,Kurang Optimal (Terlalu Dingin),2,Kurang Optimal (Lembab),1.8,Kurang
12/07/2024,21:40:03,0,17.2,82.8,0,1,Buruk,2,Kurang Optimal (Terlalu Dingin),2,Kurang Optimal (Lembab),1.8,Kurang
12/07/2024,21:35:05,0,17.2,82.4,0,1,Buruk,2,Kurang Optimal (Terlalu Dingin),2,Kurang Optimal (Lembab),1.8,Kurang
12/07/2024,21:30:04,0,17.4,82.6,0,1,Buruk,2,Kurang Optimal (Terlalu Dingin),2,Kurang Optimal (Lembab),1.8,Kurang
12/07/2024,21:25:14,0,17.5,82.9,0,1,Buruk,2,Kurang Optimal (Terlalu Dingin),2,Kurang Optimal (Lembab),1.8,Kurang
12/07/2024,21:20:04,0,17.6,83.1,0,1,Buruk,2,Kurang Optimal (Terlalu Dingin),2,Kurang Optimal (Lembab),1.8,Kurang
12/07/2024,21:15:05,0,17.6,83,0,1,Buruk,2,Kurang Optimal (Terlalu Dingin),2,Kurang Optimal (Lembab),1.8,Kurang
12/07/2024,21:10:05,0,17.6,82.5,0,1,Buruk,2,Kurang Optimal (Terlalu Dingin),2,Kurang Optimal (Lembab),1.8,Kurang
12/07/2024,21:05:07,0,17.6,82.8,0,1,Buruk,2,Kurang Optimal (Terlalu Dingin),2,Kurang Optimal (Lembab),1.8,Kurang
12/07/2024,21:00:04,0,17.7,83.1,0,1,Buruk,2,Kurang Optimal (Terlalu Dingin),2,Kurang Optimal (Lembab),1.8,Kurang
12/07/2024,20:55:09,0,17.9,82.6,0,1,Buruk,2,Kurang Optimal (Terlalu Dingin),2,Kurang Optimal (Lembab),1.8,Kurang
12/07/2024,20:50:04,0,17.9,82.7,0,1,Buruk,2,Kurang Optimal (Terlalu Dingin),2,Kurang Optimal (Lembab),1.8,Kurang
12/07/2024,20:45:03,0,18.1,81,0,1,Buruk,3,Normal (Aman),2,Kurang Optimal (Lembab),2.1,Cukup
12/07/2024,20:40:06,0,18.1,82.7,0,1,Buruk,3,Normal (Aman),2,Kurang Optimal (Lembab),2.1,Cukup
12/07/2024,20:35:05,0,18,82.8,0,1,Buruk,2,Kurang Optimal (Terlalu Dingin),2,Kurang Optimal (Lembab),1.8,Kurang
12/07/2024,20:30:04,0,18,81.8,0,1,Buruk,2,Kurang Optimal (Terlalu Dingin),2,Kurang Optimal (Lembab),1.8,Kurang
12/07/2024,20:25:08,0,18,81.5,0,1,Buruk,2,Kurang Optimal (Terlalu Dingin),2,Kurang Optimal (Lembab),1.8,Kurang
12/07/2024,20:20:07,0,17.9,81.7,0,1,Buruk,2,Kurang Optimal (Terlalu Dingin),2,Kurang Optimal (Lembab),1.8,Kurang
12/07/2024,20:15:11,0,18,81.2,0,1,Buruk,2,Kurang Optimal (Terlalu Dingin),2,Kurang Optimal (Lembab),1.8,Kurang
12/07/2024,20:10:07,0,18.1,81,0,1,Buruk,3,Normal (Aman),2,Kurang Optimal (Lembab),2.1,Cukup
12/07/2024,20:05:04,0,18.2,79.2,0,1,Buruk,3,Normal (Aman),4,Optimal,3.1,Baik
12/07/2024,20:00:04,0,18.4,78.4,0,1,Buruk,3,Normal (Aman),4,Optimal,3.1,Baik
12/07/2024,19:55:05,0,18.3,79,0,1,Buruk,3,Normal (Aman),4,Optimal,3.1,Baik
12/07/2024,19:50:03,0,18.4,78.6,0,1,Buruk,3,Normal (Aman),4,Optimal,3.1,Baik
12/07/2024,19:45:03,0,18.4,78.8,0,1,Buruk,3,Normal (Aman),4,Optimal,3.1,Baik
12/07/2024,19:40:06,0,18.4,78.3,0,1,Buruk,3,Normal (Aman),4,Optimal,3.1,Baik
12/07/2024,19:35:04,0,18.4,78.7,0,1,Buruk,3,Normal (Aman),4,Optimal,3.1,Baik
12/07/2024,19:30:04,0,18.5,78.4,0,1,Buruk,3,Normal (Aman),4,Optimal,3.1,Baik
12/07/2024,19:25:04,0,18.5,77.7,0,1,Buruk,3,Normal (Aman),4,Optimal,3.1,Baik
12/07/2024,19:20:04,0,18.7,77.1,0,1,Buruk,3,Normal (Aman),4,Optimal,3.1,Baik
12/07/2024,19:15:05,0,18.7,77.1,0,1,Buruk,3,Normal (Aman),4,Optimal,3.1,Baik
12/07/2024,19:10:05,0,18.8,76.8,0,1,Buruk,3,Normal (Aman),4,Optimal,3.1,Baik
12/07/2024,19:05:08,0,18.8,76,0,1,Buruk,3,Normal (Aman),4,Optimal,3.1,Baik
12/07/2024,19:00:05,0,18.8,75.7,0,1,Buruk,3,Normal (Aman),4,Optimal,3.1,Baik
12/07/2024,18:55:06,0,18.9,74.7,0,1,Buruk,3,Normal (Aman),4,Optimal,3.1,Baik
12/07/2024,18:50:07,0,19,75.2,0,1,Buruk,3,Normal (Aman),4,Optimal,3.1,Baik
12/07/2024,18:45:05,0,18.9,75.2,0,1,Buruk,3,Normal (Aman),4,Optimal,3.1,Baik
12/07/2024,18:40:04,0,18.9,75.2,0,1,Buruk,3,Normal (Aman),4,Optimal,3.1,Baik
12/07/2024,18:35:04,0,18.9,75.2,0,1,Buruk,3,Normal (Aman),4,Optimal,3.1,Baik
12/07/2024,18:30:05,0,18.8,75.1,0,1,Buruk,3,Normal (Aman),4,Optimal,3.1,Baik
12/07/2024,18:25:05,0,19.1,74.6,0,1,Buruk,3,Normal (Aman),4,Optimal,3.1,Baik
12/07/2024,18:20:08,0,19.3,75.5,0,1,Buruk,3,Normal (Aman),4,Optimal,3.1,Baik
12/07/2024,18:15:15,0,19.3,75,0,1,Buruk,3,Normal (Aman),4,Optimal,3.1,Baik
12/07/2024,18:10:04,0.83,19.4,74.9,0.00083,1,Buruk,3,Normal (Aman),4,Optimal,3.1,Baik
12/07/2024,18:05:03,5,19.6,75.4,0.005,1,Buruk,3,Normal (Aman),4,Optimal,3.1,Baik
12/07/2024,18:00:05,21.67,19.8,73.9,0.02167,1,Buruk,3,Normal (Aman),4,Optimal,3.1,Baik
12/07/2024,17:55:05,56.67,20.2,72.8,0.05667,1,Buruk,3,Normal (Aman),4,Optimal,3.1,Baik
12/07/2024,17:50:04,118.33,20.3,72.8,0.11833,1,Buruk,3,Normal (Aman),4,Optimal,3.1,Baik
12/07/2024,17:45:04,222.5,20.5,71,0.2225,1,Buruk,3,Normal (Aman),4,Optimal,3.1,Baik
12/07/2024,17:40:04,369.17,21,69.9,0.36917,1,Buruk,3,Normal (Aman),4,Optimal,3.1,Baik
12/07/2024,17:35:04,552.5,21.4,68.2,0.5525,1,Buruk,3,Normal (Aman),4,Optimal,3.1,Baik
12/07/2024,17:30:05,804.17,21.6,67.1,0.80417,1,Buruk,3,Normal (Aman),4,Optimal,3.1,Baik
12/07/2024,17:25:04,1083.33,22,64.1,1.08333,1,Buruk,3,Normal (Aman),4,Optimal,3.1,Baik
12/07/2024,17:20:03,1376.67,22.5,62.8,1.37667,1,Buruk,3,Normal (Aman),4,Optimal,3.1,Baik
12/07/2024,17:15:03,1637.5,23,60.6,1.6375,1,Buruk,3,Normal (Aman),4,Optimal,3.1,Baik
12/07/2024,17:10:05,2017.5,23.6,59.8,2.0175,1,Buruk,3,Normal (Aman),3,Normal (Aman),2.6,Cukup
12/07/2024,17:05:10,2660,24.1,58.8,2.66,1,Buruk,3,Normal (Aman),3,Normal (Aman),2.6,Cukup
12/07/2024,17:00:03,4010,24.6,57.3,4.01,1,Buruk,3,Normal (Aman),3,Normal (Aman),2.6,Cukup
12/07/2024,16:55:04,4291.67,24.9,56.3,4.29167,1,Buruk,3,Normal (Aman),3,Normal (Aman),2.6,Cukup
12/07/2024,16:50:04,4535,25.5,55.3,4.535,1,Buruk,4,Optimal,3,Normal (Aman),2.9,Cukup
12/07/2024,16:45:04,5525,25.8,53.8,5.525,1,Buruk,4,Optimal,3,Normal (Aman),2.9,Cukup
12/07/2024,16:40:04,5304.17,26.4,53,5.30417,1,Buruk,4,Optimal,3,Normal (Aman),2.9,Cukup
12/07/2024,16:35:04,5371.67,27.2,50.2,5.37167,1,Buruk,4,Optimal,3,Normal (Aman),2.9,Cukup
12/07/2024,16:30:03,5797.5,27.4,50.1,5.7975,1,Buruk,4,Optimal,3,Normal (Aman),2.9,Cukup
12/07/2024,16:25:03,6715,27.3,50.4,6.715,1,Buruk,4,Optimal,3,Normal (Aman),2.9,Cukup
12/07/2024,16:20:15,6754.17,27.3,50.2,6.75417,1,Buruk,4,Optimal,3,Normal (Aman),2.9,Cukup
12/07/2024,16:15:04,7561.67,27.4,50.1,7.56167,1,Buruk,4,Optimal,3,Normal (Aman),2.9,Cukup
12/07/2024,16:10:05,8215.83,27.6,50.9,8.21583,1,Buruk,4,Optimal,3,Normal (Aman),2.9,Cukup
12/07/2024,16:05:05,7278.33,27.1,51.8,7.27833,1,Buruk,4,Optimal,3,Normal (Aman),2.9,Cukup
12/07/2024,16:00:03,8638.33,26.4,54.3,8.63833,1,Buruk,4,Optimal,3,Normal (Aman),2.9,Cukup
12/07/2024,15:55:05,9812.5,25.8,54.3,9.8125,1,Buruk,4,Optimal,3,Normal (Aman),2.9,Cukup
12/07/2024,15:50:03,5669.17,26,53.2,5.66917,1,Buruk,4,Optimal,3,Normal (Aman),2.9,Cukup
12/07/2024,15:45:04,7037.5,26.4,52.3,7.0375,1,Buruk,4,Optimal,3,Normal (Aman),2.9,Cukup
12/07/2024,15:40:03,6050.83,26.9,51.1,6.05083,1,Buruk,4,Optimal,3,Normal (Aman),2.9,Cukup
12/07/2024,15:35:03,6938.33,27.4,49.5,6.93833,1,Buruk,4,Optimal,2,Kurang Optimal (Kering),2.4,Cukup
12/07/2024,15:30:07,7522.5,28.7,46,7.5225,1,Buruk,2,Kurang Optimal (Terlalu Panas),2,Kurang Optimal (Kering),1.8,Kurang
12/07/2024,15:25:03,7738.33,30.2,43.4,7.73833,1,Buruk,1,Berpotensi Merusak,2,Kurang Optimal (Kering),1.5,Kurang
12/07/2024,15:20:04,17315.83,30.8,43.2,17.31583,1,Buruk,1,Berpotensi Merusak,2,Kurang Optimal (Kering),1.5,Kurang
12/07/2024,15:15:05,19605.83,30,44.9,19.60583,1,Buruk,1,Berpotensi Merusak,2,Kurang Optimal (Kering),1.5,Kurang
12/07/2024,15:10:03,10515,29.6,45.3,10.515,1,Buruk,2,Kurang Optimal (Terlalu Panas),2,Kurang Optimal (Kering),1.8,Kurang
12/07/2024,15:05:03,11367.5,30.1,43.6,11.3675,1,Buruk,1,Berpotensi Merusak,2,Kurang Optimal (Kering),1.5,Kurang
12/07/2024,15:00:05,9246.67,30.5,43.6,9.24667,1,Buruk,1,Berpotensi Merusak,2,Kurang Optimal (Kering),1.5,Kurang
12/07/2024,14:55:03,26225.83,29.1,46.7,26.22583,2,Kurang Baik,2,Kurang Optimal (Terlalu Panas),2,Kurang Optimal (Kering),2,Cukup
12/07/2024,14:50:03,24837.5,28.3,47.6,24.8375,1,Buruk,2,Kurang Optimal (Terlalu Panas),2,Kurang Optimal (Kering),1.8,Kurang
12/07/2024,14:45:04,10235,28,47.6,10.235,1,Buruk,4,Optimal,2,Kurang Optimal (Kering),2.4,Cukup
12/07/2024,14:40:03,7845.83,28.2,47.6,7.84583,1,Buruk,2,Kurang Optimal (Terlalu Panas),2,Kurang Optimal (Kering),1.8,Kurang
12/07/2024,14:35:03,6512.5,28,48.1,6.5125,1,Buruk,4,Optimal,2,Kurang Optimal (Kering),2.4,Cukup
12/07/2024,14:30:04,7574.17,28.3,46.4,7.57417,1,Buruk,2,Kurang Optimal (Terlalu Panas),2,Kurang Optimal (Kering),1.8,Kurang
12/07/2024,14:25:03,7562.5,29.2,44.6,7.5625,1,Buruk,2,Kurang Optimal (Terlalu Panas),2,Kurang Optimal (Kering),1.8,Kurang
12/07/2024,14:20:03,7845,29.6,43.2,7.845,1,Buruk,2,Kurang Optimal (Terlalu Panas),2,Kurang Optimal (Kering),1.8,Kurang
12/07/2024,14:15:05,8855,30.7,39.7,8.855,1,Buruk,1,Berpotensi Merusak,1,Buruk (Sangat Kering),1,Kurang
12/07/2024,14:10:05,11505,31,37.3,11.505,1,Buruk,1,Berpotensi Merusak,1,Buruk (Sangat Kering),1,Kurang
12/07/2024,14:05:04,19829.17,31.8,36.6,19.82917,1,Buruk,1,Berpotensi Merusak,1,Buruk (Sangat Kering),1,Kurang
12/07/2024,14:00:04,11194.17,32.2,36.8,11.19417,1,Buruk,1,Berpotensi Merusak,1,Buruk (Sangat Kering),1,Kurang
12/07/2024,13:55:03,13475,32,36.6,13.475,1,Buruk,1,Berpotensi Merusak,1,Buruk (Sangat Kering),1,Kurang
12/07/2024,13:50:05,15295.83,31.2,37.9,15.29583,1,Buruk,1,Berpotensi Merusak,1,Buruk (Sangat Kering),1,Kurang
12/07/2024,13:45:06,10998.33,31.6,35.9,10.99833,1,Buruk,1,Berpotensi Merusak,1,Buruk (Sangat Kering),1,Kurang
12/07/2024,13:40:04,13731.67,33.4,32.7,13.73167,1,Buruk,1,Berpotensi Merusak,1,Buruk (Sangat Kering),1,Kurang
12/07/2024,13:35:05,14877.5,34.4,30.9,14.8775,1,Buruk,1,Berpotensi Merusak,1,Buruk (Sangat Kering),1,Kurang
12/07/2024,13:30:03,26345.83,35.6,30,26.34583,2,Kurang Baik,1,Berpotensi Merusak,1,Buruk (Sangat Kering),1.2,Kurang
12/07/2024,13:25:03,48513.33,36.3,29.1,48.51333,2,Kurang Baik,1,Berpotensi Merusak,1,Buruk (Sangat Kering),1.2,Kurang
12/07/2024,13:20:05,49191.66,36.8,28.2,49.19166,2,Kurang Baik,1,Berpotensi Merusak,1,Buruk (Sangat Kering),1.2,Kurang
12/07/2024,13:15:03,48873.33,36.7,28.7,48.87333,2,Kurang Baik,1,Berpotensi Merusak,1,Buruk (Sangat Kering),1.2,Kurang
12/07/2024,13:10:05,47681.66,36.8,27.8,47.68166,2,Kurang Baik,1,Berpotensi Merusak,1,Buruk (Sangat Kering),1.2,Kurang
12/07/2024,13:05:04,51576.66,36.7,28.8,51.57666,3,Optimal,1,Berpotensi Merusak,1,Buruk (Sangat Kering),1.4,Kurang
12/07/2024,13:00:04,52590.83,37.3,28.2,52.59083,3,Optimal,1,Berpotensi Merusak,1,Buruk (Sangat Kering),1.4,Kurang
12/07/2024,12:55:03,52375,36.2,29.9,52.375,3,Optimal,1,Berpotensi Merusak,1,Buruk (Sangat Kering),1.4,Kurang
12/07/2024,12:50:05,54612.5,36.4,28.1,54.6125,3,Optimal,1,Berpotensi Merusak,1,Buruk (Sangat Kering),1.4,Kurang
12/07/2024,12:45:04,52481.66,36.3,28.2,52.48166,3,Optimal,1,Berpotensi Merusak,1,Buruk (Sangat Kering),1.4,Kurang
12/07/2024,12:40:04,54612.5,36.5,30.1,54.6125,3,Optimal,1,Berpotensi Merusak,1,Buruk (Sangat Kering),1.4,Kurang
12/07/2024,12:35:15,54612.5,35.4,30,54.6125,3,Optimal,1,Berpotensi Merusak,1,Buruk (Sangat Kering),1.4,Kurang
12/07/2024,12:30:03,42541.66,35.2,29.9,42.54166,2,Kurang Baik,1,Berpotensi Merusak,1,Buruk (Sangat Kering),1.2,Kurang
12/07/2024,12:25:03,54612.5,35.3,29.1,54.6125,3,Optimal,1,Berpotensi Merusak,1,Buruk (Sangat Kering),1.4,Kurang
12/07/2024,12:20:03,54612.5,36.9,27.7,54.6125,3,Optimal,1,Berpotensi Merusak,1,Buruk (Sangat Kering),1.4,Kurang
12/07/2024,12:15:04,54612.5,37.3,27.4,54.6125,3,Optimal,1,Berpotensi Merusak,1,Buruk (Sangat Kering),1.4,Kurang
12/07/2024,12:10:03,54612.5,36.3,27.9,54.6125,3,Optimal,1,Berpotensi Merusak,1,Buruk (Sangat Kering),1.4,Kurang
12/07/2024,12:05:03,54612.5,36.7,27.9,54.6125,3,Optimal,1,Berpotensi Merusak,1,Buruk (Sangat Kering),1.4,Kurang
12/07/2024,12:00:08,54612.5,36.3,28.1,54.6125,3,Optimal,1,Berpotensi Merusak,1,Buruk (Sangat Kering),1.4,Kurang
12/07/2024,11:55:03,54612.5,35.4,28.2,54.6125,3,Optimal,1,Berpotensi Merusak,1,Buruk (Sangat Kering),1.4,Kurang
12/07/2024,11:50:03,54612.5,35.9,29.1,54.6125,3,Optimal,1,Berpotensi Merusak,1,Buruk (Sangat Kering),1.4,Kurang
12/07/2024,11:45:05,54612.5,34.6,29.5,54.6125,3,Optimal,1,Berpotensi Merusak,1,Buruk (Sangat Kering),1.4,Kurang
12/07/2024,11:40:04,54612.5,35.1,29.6,54.6125,3,Optimal,1,Berpotensi Merusak,1,Buruk (Sangat Kering),1.4,Kurang
12/07/2024,11:35:03,54612.5,34.6,29.6,54.6125,3,Optimal,1,Berpotensi Merusak,1,Buruk (Sangat Kering),1.4,Kurang
12/07/2024,11:30:04,54612.5,35.7,29.8,54.6125,3,Optimal,1,Berpotensi Merusak,1,Buruk (Sangat Kering),1.4,Kurang
12/07/2024,11:25:05,54612.5,34.4,30.3,54.6125,3,Optimal,1,Berpotensi Merusak,1,Buruk (Sangat Kering),1.4,Kurang
12/07/2024,11:20:03,54612.5,34.8,29.6,54.6125,3,Optimal,1,Berpotensi Merusak,1,Buruk (Sangat Kering),1.4,Kurang
12/07/2024,11:15:07,54612.5,34.9,30.3,54.6125,3,Optimal,1,Berpotensi Merusak,1,Buruk (Sangat Kering),1.4,Kurang
12/07/2024,11:10:05,54612.5,34.8,29,54.6125,3,Optimal,1,Berpotensi Merusak,1,Buruk (Sangat Kering),1.4,Kurang
12/07/2024,11:05:03,54612.5,34.7,29.5,54.6125,3,Optimal,1,Berpotensi Merusak,1,Buruk (Sangat Kering),1.4,Kurang
12/07/2024,11:00:03,54612.5,35.7,28.5,54.6125,3,Optimal,1,Berpotensi Merusak,1,Buruk (Sangat Kering),1.4,Kurang
12/07/2024,10:55:04,54612.5,35.9,29.6,54.6125,3,Optimal,1,Berpotensi Merusak,1,Buruk (Sangat Kering),1.4,Kurang
12/07/2024,10:50:03,54612.5,35.5,28.9,54.6125,3,Optimal,1,Berpotensi Merusak,1,Buruk (Sangat Kering),1.4,Kurang
12/07/2024,10:45:04,54612.5,35.4,27.9,54.6125,3,Optimal,1,Berpotensi Merusak,1,Buruk (Sangat Kering),1.4,Kurang
12/07/2024,10:40:04,54612.5,37.4,27.3,54.6125,3,Optimal,1,Berpotensi Merusak,1,Buruk (Sangat Kering),1.4,Kurang
12/07/2024,10:35:04,54612.5,37,27.8,54.6125,3,Optimal,1,Berpotensi Merusak,1,Buruk (Sangat Kering),1.4,Kurang
12/07/2024,10:30:03,54612.5,37,26.7,54.6125,3,Optimal,1,Berpotensi Merusak,1,Buruk (Sangat Kering),1.4,Kurang
12/07/2024,10:25:03,54612.5,36.9,26.6,54.6125,3,Optimal,1,Berpotensi Merusak,1,Buruk (Sangat Kering),1.4,Kurang
12/07/2024,10:20:04,54612.5,36.1,28.9,54.6125,3,Optimal,1,Berpotensi Merusak,1,Buruk (Sangat Kering),1.4,Kurang
12/07/2024,10:15:03,54612.5,35.6,28.3,54.6125,3,Optimal,1,Berpotensi Merusak,1,Buruk (Sangat Kering),1.4,Kurang
12/07/2024,10:10:03,54612.5,35.5,29.4,54.6125,3,Optimal,1,Berpotensi Merusak,1,Buruk (Sangat Kering),1.4,Kurang
12/07/2024,10:05:04,52209.16,35.4,29.2,52.20916,3,Optimal,1,Berpotensi Merusak,1,Buruk (Sangat Kering),1.4,Kurang
12/07/2024,10:00:25,53055,35.6,28.5,53.055,3,Optimal,1,Berpotensi Merusak,1,Buruk (Sangat Kering),1.4,Kurang
12/07/2024,09:55:03,52876.66,35.8,28.9,52.87666,3,Optimal,1,Berpotensi Merusak,1,Buruk (Sangat Kering),1.4,Kurang
12/07/2024,09:50:04,51816.66,35.1,30.3,51.81666,3,Optimal,1,Berpotensi Merusak,1,Buruk (Sangat Kering),1.4,Kurang
12/07/2024,09:45:05,50905,34.9,30.7,50.905,3,Optimal,1,Berpotensi Merusak,1,Buruk (Sangat Kering),1.4,Kurang
12/07/2024,09:40:03,48514.16,34.2,31.9,48.51416,2,Kurang Baik,1,Berpotensi Merusak,1,Buruk (Sangat Kering),1.2,Kurang
12/07/2024,09:35:04,47628.33,33.5,32.1,47.62833,2,Kurang Baik,1,Berpotensi Merusak,1,Buruk (Sangat Kering),1.2,Kurang
12/07/2024,09:30:03,45854.16,33.3,33,45.85416,2,Kurang Baik,1,Berpotensi Merusak,1,Buruk (Sangat Kering),1.2,Kurang
12/07/2024,09:25:04,44578.33,32.9,32.9,44.57833,2,Kurang Baik,1,Berpotensi Merusak,1,Buruk (Sangat Kering),1.2,Kurang
12/07/2024,09:20:04,41408.33,32.2,33.4,41.40833,2,Kurang Baik,1,Berpotensi Merusak,1,Buruk (Sangat Kering),1.2,Kurang
12/07/2024,09:15:05,38628.33,32.5,32.6,38.62833,2,Kurang Baik,1,Berpotensi Merusak,1,Buruk (Sangat Kering),1.2,Kurang
12/07/2024,09:10:05,38486.66,32.2,32.1,38.48666,2,Kurang Baik,1,Berpotensi Merusak,1,Buruk (Sangat Kering),1.2,Kurang
12/07/2024,09:05:04,37441.66,31.9,33.4,37.44166,2,Kurang Baik,1,Berpotensi Merusak,1,Buruk (Sangat Kering),1.2,Kurang
12/07/2024,09:00:04,35688.33,31.3,36,35.68833,2,Kurang Baik,1,Berpotensi Merusak,1,Buruk (Sangat Kering),1.2,Kurang
12/07/2024,08:55:05,33777.5,30.5,36.1,33.7775,2,Kurang Baik,1,Berpotensi Merusak,1,Buruk (Sangat Kering),1.2,Kurang
12/07/2024,08:50:05,30448.33,30.5,37.4,30.44833,2,Kurang Baik,1,Berpotensi Merusak,1,Buruk (Sangat Kering),1.2,Kurang
12/07/2024,08:45:04,31718.33,30.6,37.3,31.71833,2,Kurang Baik,1,Berpotensi Merusak,1,Buruk (Sangat Kering),1.2,Kurang
12/07/2024,08:40:03,33235.83,30.8,37.4,33.23583,2,Kurang Baik,1,Berpotensi Merusak,1,Buruk (Sangat Kering),1.2,Kurang
12/07/2024,08:35:10,32470.83,30.7,37.5,32.47083,2,Kurang Baik,1,Berpotensi Merusak,1,Buruk (Sangat Kering),1.2,Kurang
12/07/2024,08:30:03,31625,30.2,39.5,31.625,2,Kurang Baik,1,Berpotensi Merusak,1,Buruk (Sangat Kering),1.2,Kurang
12/07/2024,08:26:03,30416.67,29.6,39.5,30.41667,2,Kurang Baik,2,Kurang Optimal (Terlalu Panas),1,Buruk (Sangat Kering),1.5,Kurang
12/07/2024,08:25:31,30508.33,29.6,39.5,30.50833,2,Kurang Baik,2,Kurang Optimal (Terlalu Panas),1,Buruk (Sangat Kering),1.5,Kurang
12/07/2024,08:20:04,26922.5,28.8,41.3,26.9225,2,Kurang Baik,2,Kurang Optimal (Terlalu Panas),2,Kurang Optimal (Kering),2,Cukup
12/07/2024,08:15:10,25356.67,28.4,41.5,25.35667,2,Kurang Baik,2,Kurang Optimal (Terlalu Panas),2,Kurang Optimal (Kering),2,Cukup
12/07/2024,08:10:04,24946.67,27.9,42.2,24.94667,1,Buruk,4,Optimal,2,Kurang Optimal (Kering),2.4,Cukup
12/07/2024,08:05:04,26109.17,27,45.3,26.10917,2,Kurang Baik,4,Optimal,2,Kurang Optimal (Kering),2.6,Cukup
12/07/2024,08:00:30,23990,26,48.7,23.99,1,Buruk,4,Optimal,2,Kurang Optimal (Kering),2.4,Cukup
12/07/2024,08:00:04,23897.5,25.9,49,23.8975,1,Buruk,4,Optimal,2,Kurang Optimal (Kering),2.4,Cukup
12/07/2024,07:56:09,22055.83,24.8,51.5,22.05583,1,Buruk,3,Normal (Aman),3,Normal (Aman),2.6,Cukup
12/07/2024,07:50:06,19226.67,23.8,51.5,19.22667,1,Buruk,3,Normal (Aman),3,Normal (Aman),2.6,Cukup
12/07/2024,07:45:03,18822.5,23.3,53.5,18.8225,1,Buruk,3,Normal (Aman),3,Normal (Aman),2.6,Cukup
12/07/2024,07:40:12,17734.17,23.1,56.2,17.73417,1,Buruk,3,Normal (Aman),3,Normal (Aman),2.6,Cukup
12/07/2024,07:35:03,17259.17,22.4,57.3,17.25917,1,Buruk,3,Normal (Aman),3,Normal (Aman),2.6,Cukup
12/07/2024,07:30:04,15305.83,22.2,59.6,15.30583,1,Buruk,3,Normal (Aman),3,Normal (Aman),2.6,Cukup
12/07/2024,07:25:09,14454.17,21.3,62.1,14.45417,1,Buruk,3,Normal (Aman),4,Optimal,3.1,Baik
12/07/2024,07:20:06,13675,20.5,65.1,13.675,1,Buruk,3,Normal (Aman),4,Optimal,3.1,Baik
12/07/2024,07:15:08,12257.5,19.7,68,12.2575,1,Buruk,3,Normal (Aman),4,Optimal,3.1,Baik
12/07/2024,07:10:04,11038.33,19.1,69.9,11.03833,1,Buruk,3,Normal (Aman),4,Optimal,3.1,Baik
12/07/2024,07:05:04,9149.17,18.4,72.7,9.14917,1,Buruk,3,Normal (Aman),4,Optimal,3.1,Baik
12/07/2024,07:00:03,8113.33,17.8,74.4,8.11333,1,Buruk,2,Kurang Optimal (Terlalu Dingin),4,Optimal,2.8,Cukup
12/07/2024,06:55:05,7037.5,17.1,75.8,7.0375,1,Buruk,2,Kurang Optimal (Terlalu Dingin),4,Optimal,2.8,Cukup
12/07/2024,06:50:05,5819.17,16.4,76.9,5.81917,1,Buruk,2,Kurang Optimal (Terlalu Dingin),4,Optimal,2.8,Cukup
12/07/2024,06:45:04,5005,16.1,78.3,5.005,1,Buruk,2,Kurang Optimal (Terlalu Dingin),4,Optimal,2.8,Cukup
12/07/2024,06:40:03,4192.5,15.5,79.5,4.1925,1,Buruk,2,Kurang Optimal (Terlalu Dingin),4,Optimal,2.8,Cukup
12/07/2024,06:35:04,3599.17,15,80.8,3.59917,1,Buruk,2,Kurang Optimal (Terlalu Dingin),2,Kurang Optimal (Lembab),1.8,Kurang
12/07/2024,06:30:03,2968.33,14.6,82.3,2.96833,1,Buruk,2,Kurang Optimal (Terlalu Dingin),2,Kurang Optimal (Lembab),1.8,Kurang
12/07/2024,06:25:05,2254.17,14.2,83.3,2.25417,1,Buruk,2,Kurang Optimal (Terlalu Dingin),2,Kurang Optimal (Lembab),1.8,Kurang
12/07/2024,06:20:03,1493.33,13.9,83.7,1.49333,1,Buruk,1,Dingin (Buruk),2,Kurang Optimal (Lembab),1.5,Kurang
12/07/2024,06:15:04,970,13.6,84.1,0.97,1,Buruk,1,Dingin (Buruk),2,Kurang Optimal (Lembab),1.5,Kurang
12/07/2024,06:10:03,586.67,13.5,84.2,0.58667,1,Buruk,1,Dingin (Buruk),2,Kurang Optimal (Lembab),1.5,Kurang
12/07/2024,06:05:03,306.67,13.5,83.8,0.30667,1,Buruk,1,Dingin (Buruk),2,Kurang Optimal (Lembab),1.5,Kurang
12/07/2024,06:00:04,173.33,13.6,83.6,0.17333,1,Buruk,1,Dingin (Buruk),2,Kurang Optimal (Lembab),1.5,Kurang
12/07/2024,05:55:03,100,13.6,84.4,0.1,1,Buruk,1,Dingin (Buruk),2,Kurang Optimal (Lembab),1.5,Kurang
12/07/2024,05:50:03,34.17,13.5,84.2,0.03417,1,Buruk,1,Dingin (Buruk),2,Kurang Optimal (Lembab),1.5,Kurang
12/07/2024,05:45:04,8.33,13.6,83.7,0.00833,1,Buruk,1,Dingin (Buruk),2,Kurang Optimal (Lembab),1.5,Kurang
12/07/2024,05:40:03,1.67,13.7,82.8,0.00167,1,Buruk,1,Dingin (Buruk),2,Kurang Optimal (Lembab),1.5,Kurang
12/07/2024,05:35:04,0.83,13.9,83.3,0.00083,1,Buruk,1,Dingin (Buruk),2,Kurang Optimal (Lembab),1.5,Kurang
12/07/2024,05:30:04,0,13.9,83.1,0,1,Buruk,1,Dingin (Buruk),2,Kurang Optimal (Lembab),1.5,Kurang
12/07/2024,05:25:03,0,14.1,83.1,0,1,Buruk,2,Kurang Optimal (Terlalu Dingin),2,Kurang Optimal (Lembab),1.8,Kurang
12/07/2024,05:20:03,0,14.1,83.6,0,1,Buruk,2,Kurang Optimal (Terlalu Dingin),2,Kurang Optimal (Lembab),1.8,Kurang
12/07/2024,05:15:04,0,14.2,83.4,0,1,Buruk,2,Kurang Optimal (Terlalu Dingin),2,Kurang Optimal (Lembab),1.8,Kurang
12/07/2024,05:10:03,0,14.3,83.9,0,1,Buruk,2,Kurang Optimal (Terlalu Dingin),2,Kurang Optimal (Lembab),1.8,Kurang
12/07/2024,05:05:04,0,14.3,84.2,0,1,Buruk,2,Kurang Optimal (Terlalu Dingin),2,Kurang Optimal (Lembab),1.8,Kurang
12/07/2024,05:00:04,0,14.4,85.2,0,1,Buruk,2,Kurang Optimal (Terlalu Dingin),2,Kurang Optimal (Lembab),1.8,Kurang
12/07/2024,04:55:03,0,14.3,85.5,0,1,Buruk,2,Kurang Optimal (Terlalu Dingin),2,Kurang Optimal (Lembab),1.8,Kurang
12/07/2024,04:50:03,0,14.3,85.5,0,1,Buruk,2,Kurang Optimal (Terlalu Dingin),2,Kurang Optimal (Lembab),1.8,Kurang
12/07/2024,04:45:04,0,14.4,85.4,0,1,Buruk,2,Kurang Optimal (Terlalu Dingin),2,Kurang Optimal (Lembab),1.8,Kurang
12/07/2024,04:40:04,0,14.4,85.3,0,1,Buruk,2,Kurang Optimal (Terlalu Dingin),2,Kurang Optimal (Lembab),1.8,Kurang
12/07/2024,04:35:03,0,14.5,84.6,0,1,Buruk,2,Kurang Optimal (Terlalu Dingin),2,Kurang Optimal (Lembab),1.8,Kurang
12/07/2024,04:30:04,0,14.6,83.7,0,1,Buruk,2,Kurang Optimal (Terlalu Dingin),2,Kurang Optimal (Lembab),1.8,Kurang
12/07/2024,04:25:03,0,14.8,83.6,0,1,Buruk,2,Kurang Optimal (Terlalu Dingin),2,Kurang Optimal (Lembab),1.8,Kurang
12/07/2024,04:20:04,0,14.9,84.2,0,1,Buruk,2,Kurang Optimal (Terlalu Dingin),2,Kurang Optimal (Lembab),1.8,Kurang
12/07/2024,04:15:04,0,15,84.8,0,1,Buruk,2,Kurang Optimal (Terlalu Dingin),2,Kurang Optimal (Lembab),1.8,Kurang
12/07/2024,04:10:03,0,15,85,0,1,Buruk,2,Kurang Optimal (Terlalu Dingin),2,Kurang Optimal (Lembab),1.8,Kurang
12/07/2024,04:05:04,0,15.2,84.6,0,1,Buruk,2,Kurang Optimal (Terlalu Dingin),2,Kurang Optimal (Lembab),1.8,Kurang
12/07/2024,04:00:04,0,15.5,84.9,0,1,Buruk,2,Kurang Optimal (Terlalu Dingin),2,Kurang Optimal (Lembab),1.8,Kurang
12/07/2024,03:55:03,0,15.6,85.4,0,1,Buruk,2,Kurang Optimal (Terlalu Dingin),2,Kurang Optimal (Lembab),1.8,Kurang
12/07/2024,03:50:05,0,15.6,85.7,0,1,Buruk,2,Kurang Optimal (Terlalu Dingin),2,Kurang Optimal (Lembab),1.8,Kurang
12/07/2024,03:45:05,0,15.8,85.5,0,1,Buruk,2,Kurang Optimal (Terlalu Dingin),2,Kurang Optimal (Lembab),1.8,Kurang
12/07/2024,03:40:03,0,15.9,85.7,0,1,Buruk,2,Kurang Optimal (Terlalu Dingin),2,Kurang Optimal (Lembab),1.8,Kurang
12/07/2024,03:35:04,0,15.9,85.9,0,1,Buruk,2,Kurang Optimal (Terlalu Dingin),2,Kurang Optimal (Lembab),1.8,Kurang
12/07/2024,03:30:03,0,15.9,85.5,0,1,Buruk,2,Kurang Optimal (Terlalu Dingin),2,Kurang Optimal (Lembab),1.8,Kurang
12/07/2024,03:25:04,0,16.1,84.2,0,1,Buruk,2,Kurang Optimal (Terlalu Dingin),2,Kurang Optimal (Lembab),1.8,Kurang
12/07/2024,03:20:04,0,16.1,83.1,0,1,Buruk,2,Kurang Optimal (Terlalu Dingin),2,Kurang Optimal (Lembab),1.8,Kurang
12/07/2024,03:15:03,0,16.3,82.7,0,1,Buruk,2,Kurang Optimal (Terlalu Dingin),2,Kurang Optimal (Lembab),1.8,Kurang
12/07/2024,03:10:03,0,16.5,83.1,0,1,Buruk,2,Kurang Optimal (Terlalu Dingin),2,Kurang Optimal (Lembab),1.8,Kurang
12/07/2024,03:05:04,0,16.5,83.7,0,1,Buruk,2,Kurang Optimal (Terlalu Dingin),2,Kurang Optimal (Lembab),1.8,Kurang
12/07/2024,03:00:04,0,16.5,85,0,1,Buruk,2,Kurang Optimal (Terlalu Dingin),2,Kurang Optimal (Lembab),1.8,Kurang
12/07/2024,02:55:04,0,16.4,85.6,0,1,Buruk,2,Kurang Optimal (Terlalu Dingin),2,Kurang Optimal (Lembab),1.8,Kurang
12/07/2024,02:50:11,0,16.3,86.4,0,1,Buruk,2,Kurang Optimal (Terlalu Dingin),2,Kurang Optimal (Lembab),1.8,Kurang
12/07/2024,02:45:05,0,16.2,87.5,0,1,Buruk,2,Kurang Optimal (Terlalu Dingin),2,Kurang Optimal (Lembab),1.8,Kurang
12/07/2024,02:40:03,0,16,87.6,0,1,Buruk,2,Kurang Optimal (Terlalu Dingin),2,Kurang Optimal (Lembab),1.8,Kurang
12/07/2024,02:35:04,0,15.8,87,0,1,Buruk,2,Kurang Optimal (Terlalu Dingin),2,Kurang Optimal (Lembab),1.8,Kurang
12/07/2024,02:30:04,0,15.7,86.5,0,1,Buruk,2,Kurang Optimal (Terlalu Dingin),2,Kurang Optimal (Lembab),1.8,Kurang
12/07/2024,02:25:03,0,15.7,85.3,0,1,Buruk,2,Kurang Optimal (Terlalu Dingin),2,Kurang Optimal (Lembab),1.8,Kurang
12/07/2024,02:20:03,0,15.8,84.3,0,1,Buruk,2,Kurang Optimal (Terlalu Dingin),2,Kurang Optimal (Lembab),1.8,Kurang
12/07/2024,02:15:04,0,15.8,84.9,0,1,Buruk,2,Kurang Optimal (Terlalu Dingin),2,Kurang Optimal (Lembab),1.8,Kurang
12/07/2024,02:10:03,0,15.8,85,0,1,Buruk,2,Kurang Optimal (Terlalu Dingin),2,Kurang Optimal (Lembab),1.8,Kurang
12/07/2024,02:05:03,0,15.8,84.5,0,1,Buruk,2,Kurang Optimal (Terlalu Dingin),2,Kurang Optimal (Lembab),1.8,Kurang
12/07/2024,02:00:04,0,15.8,84.2,0,1,Buruk,2,Kurang Optimal (Terlalu Dingin),2,Kurang Optimal (Lembab),1.8,Kurang
12/07/2024,01:55:03,0,15.8,85,0,1,Buruk,2,Kurang Optimal (Terlalu Dingin),2,Kurang Optimal (Lembab),1.8,Kurang
12/07/2024,01:50:03,0,15.9,84.9,0,1,Buruk,2,Kurang Optimal (Terlalu Dingin),2,Kurang Optimal (Lembab),1.8,Kurang
12/07/2024,01:45:03,0,16,83.6,0,1,Buruk,2,Kurang Optimal (Terlalu Dingin),2,Kurang Optimal (Lembab),1.8,Kurang
12/07/2024,01:40:04,0,16.1,83.8,0,1,Buruk,2,Kurang Optimal (Terlalu Dingin),2,Kurang Optimal (Lembab),1.8,Kurang
12/07/2024,01:35:03,0,16.1,84.7,0,1,Buruk,2,Kurang Optimal (Terlalu Dingin),2,Kurang Optimal (Lembab),1.8,Kurang
12/07/2024,01:30:03,0,16.2,84.6,0,1,Buruk,2,Kurang Optimal (Terlalu Dingin),2,Kurang Optimal (Lembab),1.8,Kurang
12/07/2024,01:25:04,0,16.2,85.3,0,1,Buruk,2,Kurang Optimal (Terlalu Dingin),2,Kurang Optimal (Lembab),1.8,Kurang
12/07/2024,01:20:05,0,16.1,85.3,0,1,Buruk,2,Kurang Optimal (Terlalu Dingin),2,Kurang Optimal (Lembab),1.8,Kurang
12/07/2024,01:15:04,0,16.2,84.7,0,1,Buruk,2,Kurang Optimal (Terlalu Dingin),2,Kurang Optimal (Lembab),1.8,Kurang
12/07/2024,01:10:05,0,16.3,84.3,0,1,Buruk,2,Kurang Optimal (Terlalu Dingin),2,Kurang Optimal (Lembab),1.8,Kurang
12/07/2024,01:05:05,0,16.3,83.3,0,1,Buruk,2,Kurang Optimal (Terlalu Dingin),2,Kurang Optimal (Lembab),1.8,Kurang
12/07/2024,01:00:04,0,16.3,83.2,0,1,Buruk,2,Kurang Optimal (Terlalu Dingin),2,Kurang Optimal (Lembab),1.8,Kurang
12/07/2024,00:55:04,0,16.3,83.5,0,1,Buruk,2,Kurang Optimal (Terlalu Dingin),2,Kurang Optimal (Lembab),1.8,Kurang
12/07/2024,00:50:05,0,16.3,83.4,0,1,Buruk,2,Kurang Optimal (Terlalu Dingin),2,Kurang Optimal (Lembab),1.8,Kurang
12/07/2024,00:45:03,0,16.4,83.1,0,1,Buruk,2,Kurang Optimal (Terlalu Dingin),2,Kurang Optimal (Lembab),1.8,Kurang
12/07/2024,00:40:03,0,16.5,83.3,0,1,Buruk,2,Kurang Optimal (Terlalu Dingin),2,Kurang Optimal (Lembab),1.8,Kurang
12/07/2024,00:35:04,0,16.5,83.5,0,1,Buruk,2,Kurang Optimal (Terlalu Dingin),2,Kurang Optimal (Lembab),1.8,Kurang
12/07/2024,00:30:03,0,16.4,83.8,0,1,Buruk,2,Kurang Optimal (Terlalu Dingin),2,Kurang Optimal (Lembab),1.8,Kurang
12/07/2024,00:25:03,0,16.5,83,0,1,Buruk,2,Kurang Optimal (Terlalu Dingin),2,Kurang Optimal (Lembab),1.8,Kurang
12/07/2024,00:20:04,0,16.6,83.4,0,1,Buruk,2,Kurang Optimal (Terlalu Dingin),2,Kurang Optimal (Lembab),1.8,Kurang
12/07/2024,00:15:03,0,16.5,83.6,0,1,Buruk,2,Kurang Optimal (Terlalu Dingin),2,Kurang Optimal (Lembab),1.8,Kurang
12/07/2024,00:10:05,0,16.7,81.9,0,1,Buruk,2,Kurang Optimal (Terlalu Dingin),2,Kurang Optimal (Lembab),1.8,Kurang
12/07/2024,00:05:10,0,16.9,81.1,0,1,Buruk,2,Kurang Optimal (Terlalu Dingin),2,Kurang Optimal (Lembab),1.8,Kurang
12/07/2024,00:00:03,0,16.9,81.7,0,1,Buruk,2,Kurang Optimal (Terlalu Dingin),2,Kurang Optimal (Lembab),1.8,Kurang
11/07/2024,23:55:08,0,17,83,0,1,Buruk,2,Kurang Optimal (Terlalu Dingin),2,Kurang Optimal (Lembab),1.8,Kurang
11/07/2024,23:50:05,0,17,83,0,1,Buruk,2,Kurang Optimal (Terlalu Dingin),2,Kurang Optimal (Lembab),1.8,Kurang
11/07/2024,23:45:04,0,17,83.1,0,1,Buruk,2,Kurang Optimal (Terlalu Dingin),2,Kurang Optimal (Lembab),1.8,Kurang
11/07/2024,23:40:04,0,17.2,81.9,0,1,Buruk,2,Kurang Optimal (Terlalu Dingin),2,Kurang Optimal (Lembab),1.8,Kurang
11/07/2024,23:35:04,0,17.4,81.4,0,1,Buruk,2,Kurang Optimal (Terlalu Dingin),2,Kurang Optimal (Lembab),1.8,Kurang
11/07/2024,23:30:05,0,17.5,81.3,0,1,Buruk,2,Kurang Optimal (Terlalu Dingin),2,Kurang Optimal (Lembab),1.8,Kurang
11/07/2024,23:25:04,0,17.7,81.9,0,1,Buruk,2,Kurang Optimal (Terlalu Dingin),2,Kurang Optimal (Lembab),1.8,Kurang
11/07/2024,23:20:36,0,17.7,83.1,0,1,Buruk,2,Kurang Optimal (Terlalu Dingin),2,Kurang Optimal (Lembab),1.8,Kurang
11/07/2024,23:20:12,0,17.7,82.9,0,1,Buruk,2,Kurang Optimal (Terlalu Dingin),2,Kurang Optimal (Lembab),1.8,Kurang
11/07/2024,23:15:04,0,17.8,83.1,0,1,Buruk,2,Kurang Optimal (Terlalu Dingin),2,Kurang Optimal (Lembab),1.8,Kurang
11/07/2024,23:10:03,0,17.9,83.4,0,1,Buruk,2,Kurang Optimal (Terlalu Dingin),2,Kurang Optimal (Lembab),1.8,Kurang
11/07/2024,23:05:04,0,18,83.9,0,1,Buruk,2,Kurang Optimal (Terlalu Dingin),2,Kurang Optimal (Lembab),1.8,Kurang
11/07/2024,23:00:09,0,17.8,85,0,1,Buruk,2,Kurang Optimal (Terlalu Dingin),2,Kurang Optimal (Lembab),1.8,Kurang
11/07/2024,22:55:04,0,17.9,83.7,0,1,Buruk,2,Kurang Optimal (Terlalu Dingin),2,Kurang Optimal (Lembab),1.8,Kurang
11/07/2024,22:50:05,0,17.9,83.5,0,1,Buruk,2,Kurang Optimal (Terlalu Dingin),2,Kurang Optimal (Lembab),1.8,Kurang
11/07/2024,22:45:04,0,17.9,82.3,0,1,Buruk,2,Kurang Optimal (Terlalu Dingin),2,Kurang Optimal (Lembab),1.8,Kurang
11/07/2024,22:40:05,0,18,81.8,0,1,Buruk,2,Kurang Optimal (Terlalu Dingin),2,Kurang Optimal (Lembab),1.8,Kurang
11/07/2024,22:35:04,0,18,81.6,0,1,Buruk,2,Kurang Optimal (Terlalu Dingin),2,Kurang Optimal (Lembab),1.8,Kurang
11/07/2024,22:30:08,0,18.1,80.6,0,1,Buruk,3,Normal (Aman),2,Kurang Optimal (Lembab),2.1,Cukup
11/07/2024,22:25:06,0,18.1,80.8,0,1,Buruk,3,Normal (Aman),2,Kurang Optimal (Lembab),2.1,Cukup
11/07/2024,22:20:03,0,18.1,81.8,0,1,Buruk,3,Normal (Aman),2,Kurang Optimal (Lembab),2.1,Cukup
11/07/2024,22:15:03,0,18.2,81.3,0,1,Buruk,3,Normal (Aman),2,Kurang Optimal (Lembab),2.1,Cukup
11/07/2024,22:10:05,0,18.3,80.3,0,1,Buruk,3,Normal (Aman),2,Kurang Optimal (Lembab),2.1,Cukup
11/07/2024,22:05:03,0,18.4,80.4,0,1,Buruk,3,Normal (Aman),2,Kurang Optimal (Lembab),2.1,Cukup
11/07/2024,22:00:07,0,18.4,80.9,0,1,Buruk,3,Normal (Aman),2,Kurang Optimal (Lembab),2.1,Cukup
11/07/2024,21:55:04,0,18.5,80.7,0,1,Buruk,3,Normal (Aman),2,Kurang Optimal (Lembab),2.1,Cukup
11/07/2024,21:50:03,0,18.6,80.5,0,1,Buruk,3,Normal (Aman),2,Kurang Optimal (Lembab),2.1,Cukup
11/07/2024,21:45:03,0,18.7,81.4,0,1,Buruk,3,Normal (Aman),2,Kurang Optimal (Lembab),2.1,Cukup
11/07/2024,21:40:05,0,18.7,80.4,0,1,Buruk,3,Normal (Aman),2,Kurang Optimal (Lembab),2.1,Cukup
11/07/2024,21:35:03,0,18.8,81.6,0,1,Buruk,3,Normal (Aman),2,Kurang Optimal (Lembab),2.1,Cukup
11/07/2024,21:30:03,0,18.8,81.6,0,1,Buruk,3,Normal (Aman),2,Kurang Optimal (Lembab),2.1,Cukup
11/07/2024,21:25:08,0,18.9,81.5,0,1,Buruk,3,Normal (Aman),2,Kurang Optimal (Lembab),2.1,Cukup
11/07/2024,21:20:05,0,18.9,81.6,0,1,Buruk,3,Normal (Aman),2,Kurang Optimal (Lembab),2.1,Cukup
11/07/2024,21:15:04,0,18.9,81.3,0,1,Buruk,3,Normal (Aman),2,Kurang Optimal (Lembab),2.1,Cukup
11/07/2024,21:10:03,0,19,81.3,0,1,Buruk,3,Normal (Aman),2,Kurang Optimal (Lembab),2.1,Cukup
11/07/2024,21:05:04,0,18.9,81.5,0,1,Buruk,3,Normal (Aman),2,Kurang Optimal (Lembab),2.1,Cukup
11/07/2024,21:00:06,0,19,81.3,0,1,Buruk,3,Normal (Aman),2,Kurang Optimal (Lembab),2.1,Cukup
11/07/2024,20:55:04,0,19.1,81.3,0,1,Buruk,3,Normal (Aman),2,Kurang Optimal (Lembab),2.1,Cukup
11/07/2024,20:50:04,0,19.1,80.7,0,1,Buruk,3,Normal (Aman),2,Kurang Optimal (Lembab),2.1,Cukup
11/07/2024,20:45:03,0,19.1,80.7,0,1,Buruk,3,Normal (Aman),2,Kurang Optimal (Lembab),2.1,Cukup
11/07/2024,20:40:04,0,19.2,80.8,0,1,Buruk,3,Normal (Aman),2,Kurang Optimal (Lembab),2.1,Cukup
11/07/2024,20:35:04,0,19.2,81,0,1,Buruk,3,Normal (Aman),2,Kurang Optimal (Lembab),2.1,Cukup
11/07/2024,20:30:04,0,19.2,80.4,0,1,Buruk,3,Normal (Aman),2,Kurang Optimal (Lembab),2.1,Cukup
11/07/2024,20:25:03,0,19.3,80.7,0,1,Buruk,3,Normal (Aman),2,Kurang Optimal (Lembab),2.1,Cukup
11/07/2024,20:20:06,0,19.3,80.9,0,1,Buruk,3,Normal (Aman),2,Kurang Optimal (Lembab),2.1,Cukup
11/07/2024,20:15:04,0,19.4,80.7,0,1,Buruk,3,Normal (Aman),2,Kurang Optimal (Lembab),2.1,Cukup
11/07/2024,20:10:05,0,19.5,79.8,0,1,Buruk,3,Normal (Aman),4,Optimal,3.1,Baik
11/07/2024,20:05:03,0,19.7,79.1,0,1,Buruk,3,Normal (Aman),4,Optimal,3.1,Baik
11/07/2024,20:00:04,0,19.8,78.9,0,1,Buruk,3,Normal (Aman),4,Optimal,3.1,Baik
11/07/2024,19:55:05,0,19.8,78.9,0,1,Buruk,3,Normal (Aman),4,Optimal,3.1,Baik
11/07/2024,19:50:03,0,19.8,78.6,0,1,Buruk,3,Normal (Aman),4,Optimal,3.1,Baik
11/07/2024,19:45:04,0,19.9,78.2,0,1,Buruk,3,Normal (Aman),4,Optimal,3.1,Baik
11/07/2024,19:40:05,0,20,78.2,0,1,Buruk,3,Normal (Aman),4,Optimal,3.1,Baik
11/07/2024,19:35:03,0,20,78.1,0,1,Buruk,3,Normal (Aman),4,Optimal,3.1,Baik
11/07/2024,19:30:04,0,20.1,77.9,0,1,Buruk,3,Normal (Aman),4,Optimal,3.1,Baik
11/07/2024,19:25:04,0,20.2,77.4,0,1,Buruk,3,Normal (Aman),4,Optimal,3.1,Baik
11/07/2024,19:20:04,0,20.2,77.7,0,1,Buruk,3,Normal (Aman),4,Optimal,3.1,Baik
11/07/2024,19:15:05,0,20.3,77.4,0,1,Buruk,3,Normal (Aman),4,Optimal,3.1,Baik
11/07/2024,19:10:05,0,20.3,77.1,0,1,Buruk,3,Normal (Aman),4,Optimal,3.1,Baik
11/07/2024,19:05:03,0,20.4,76.7,0,1,Buruk,3,Normal (Aman),4,Optimal,3.1,Baik
11/07/2024,19:00:04,0,20.4,77,0,1,Buruk,3,Normal (Aman),4,Optimal,3.1,Baik
11/07/2024,18:55:07,0,20.5,76.1,0,1,Buruk,3,Normal (Aman),4,Optimal,3.1,Baik
11/07/2024,18:50:04,0,20.7,75.7,0,1,Buruk,3,Normal (Aman),4,Optimal,3.1,Baik
11/07/2024,18:45:03,0,21,74.7,0,1,Buruk,3,Normal (Aman),4,Optimal,3.1,Baik
11/07/2024,18:40:05,0,21.2,74.1,0,1,Buruk,3,Normal (Aman),4,Optimal,3.1,Baik
11/07/2024,18:35:04,0,21.5,74.2,0,1,Buruk,3,Normal (Aman),4,Optimal,3.1,Baik
11/07/2024,18:30:04,0,21.6,74.4,0,1,Buruk,3,Normal (Aman),4,Optimal,3.1,Baik
11/07/2024,18:25:05,0,21.8,74.5,0,1,Buruk,3,Normal (Aman),4,Optimal,3.1,Baik
11/07/2024,18:20:05,0,21.9,76.8,0,1,Buruk,3,Normal (Aman),4,Optimal,3.1,Baik
11/07/2024,18:15:03,0,22.1,77.1,0,1,Buruk,3,Normal (Aman),4,Optimal,3.1,Baik
11/07/2024,18:10:03,0.83,22.3,77.1,0.00083,1,Buruk,3,Normal (Aman),4,Optimal,3.1,Baik
11/07/2024,18:05:04,2.5,22.5,76.6,0.0025,1,Buruk,3,Normal (Aman),4,Optimal,3.1,Baik
11/07/2024,18:00:25,7.5,22.7,75.4,0.0075,1,Buruk,3,Normal (Aman),4,Optimal,3.1,Baik
11/07/2024,17:55:03,26.67,22.8,74.8,0.02667,1,Buruk,3,Normal (Aman),4,Optimal,3.1,Baik
11/07/2024,17:50:05,76.67,23,73.9,0.07667,1,Buruk,3,Normal (Aman),4,Optimal,3.1,Baik
11/07/2024,17:45:05,171.67,23.4,72.6,0.17167,1,Buruk,3,Normal (Aman),4,Optimal,3.1,Baik
11/07/2024,17:40:03,337.5,23.6,71.7,0.3375,1,Buruk,3,Normal (Aman),4,Optimal,3.1,Baik
11/07/2024,17:35:04,530,23.9,70.2,0.53,1,Buruk,3,Normal (Aman),4,Optimal,3.1,Baik
11/07/2024,17:30:03,794.17,24.4,69.7,0.79417,1,Buruk,3,Normal (Aman),4,Optimal,3.1,Baik
11/07/2024,17:25:05,1142.5,24.8,67.9,1.1425,1,Buruk,3,Normal (Aman),4,Optimal,3.1,Baik
11/07/2024,17:20:05,1526.67,25.3,66.1,1.52667,1,Buruk,4,Optimal,4,Optimal,3.4,Baik
11/07/2024,17:15:05,1920,25.5,64.9,1.92,1,Buruk,4,Optimal,4,Optimal,3.4,Baik
11/07/2024,17:10:05,2269.17,25.9,63.6,2.26917,1,Buruk,4,Optimal,4,Optimal,3.4,Baik
11/07/2024,17:05:03,2670.83,26.2,62.7,2.67083,1,Buruk,4,Optimal,4,Optimal,3.4,Baik
11/07/2024,17:00:04,2782.5,26.4,61.5,2.7825,1,Buruk,4,Optimal,4,Optimal,3.4,Baik
11/07/2024,16:55:05,2242.5,26.8,59.7,2.2425,1,Buruk,4,Optimal,3,Normal (Aman),2.9,Cukup
11/07/2024,16:50:04,2700.83,27.1,58.3,2.70083,1,Buruk,4,Optimal,3,Normal (Aman),2.9,Cukup
11/07/2024,16:45:05,2506.67,27.6,56.2,2.50667,1,Buruk,4,Optimal,3,Normal (Aman),2.9,Cukup
11/07/2024,16:40:03,2496.67,28.2,54.5,2.49667,1,Buruk,2,Kurang Optimal (Terlalu Panas),3,Normal (Aman),2.3,Cukup
11/07/2024,16:35:03,2407.5,29,52.5,2.4075,1,Buruk,2,Kurang Optimal (Terlalu Panas),3,Normal (Aman),2.3,Cukup
11/07/2024,16:30:06,3387.5,30.1,49.5,3.3875,1,Buruk,1,Berpotensi Merusak,2,Kurang Optimal (Kering),1.5,Kurang
11/07/2024,16:25:04,3857.5,30.6,47.8,3.8575,1,Buruk,1,Berpotensi Merusak,2,Kurang Optimal (Kering),1.5,Kurang
11/07/2024,16:20:03,7769.17,31.1,48.5,7.76917,1,Buruk,1,Berpotensi Merusak,2,Kurang Optimal (Kering),1.5,Kurang
11/07/2024,16:15:04,9707.5,31.4,47,9.7075,1,Buruk,1,Berpotensi Merusak,2,Kurang Optimal (Kering),1.5,Kurang
11/07/2024,16:10:07,8781.67,30.8,47.7,8.78167,1,Buruk,1,Berpotensi Merusak,2,Kurang Optimal (Kering),1.5,Kurang
11/07/2024,16:05:04,8962.5,30.6,48.7,8.9625,1,Buruk,1,Berpotensi Merusak,2,Kurang Optimal (Kering),1.5,Kurang
11/07/2024,16:00:12,8754.17,30.9,47.3,8.75417,1,Buruk,1,Berpotensi Merusak,2,Kurang Optimal (Kering),1.5,Kurang
11/07/2024,15:55:05,11463.33,30.5,47.8,11.46333,1,Buruk,1,Berpotensi Merusak,2,Kurang Optimal (Kering),1.5,Kurang
11/07/2024,15:50:05,9558.33,30.1,48,9.55833,1,Buruk,1,Berpotensi Merusak,2,Kurang Optimal (Kering),1.5,Kurang
11/07/2024,15:45:04,6034.17,30.1,48.5,6.03417,1,Buruk,1,Berpotensi Merusak,2,Kurang Optimal (Kering),1.5,Kurang
11/07/2024,15:40:05,5775.83,31.1,46.4,5.77583,1,Buruk,1,Berpotensi Merusak,2,Kurang Optimal (Kering),1.5,Kurang
11/07/2024,15:35:04,5086.67,32.2,43.2,5.08667,1,Buruk,1,Berpotensi Merusak,2,Kurang Optimal (Kering),1.5,Kurang
11/07/2024,15:30:03,12907.5,33.6,40.3,12.9075,1,Buruk,1,Berpotensi Merusak,2,Kurang Optimal (Kering),1.5,Kurang
11/07/2024,15:25:03,15088.33,34.3,39.7,15.08833,1,Buruk,1,Berpotensi Merusak,1,Buruk (Sangat Kering),1,Kurang
11/07/2024,15:20:04,17065,34.3,40.1,17.065,1,Buruk,1,Berpotensi Merusak,2,Kurang Optimal (Kering),1.5,Kurang
11/07/2024,15:15:04,7726.67,34.4,40.6,7.72667,1,Buruk,1,Berpotensi Merusak,2,Kurang Optimal (Kering),1.5,Kurang
11/07/2024,15:10:03,18740,34.5,40.7,18.74,1,Buruk,1,Berpotensi Merusak,2,Kurang Optimal (Kering),1.5,Kurang
11/07/2024,15:05:04,20260.83,34.1,39.1,20.26083,1,Buruk,1,Berpotensi Merusak,1,Buruk (Sangat Kering),1,Kurang
11/07/2024,15:00:04,21383.33,34,40.3,21.38333,1,Buruk,1,Berpotensi Merusak,2,Kurang Optimal (Kering),1.5,Kurang
11/07/2024,14:55:03,25050,33.4,35.1,25.05,2,Kurang Baik,1,Berpotensi Merusak,1,Buruk (Sangat Kering),1.2,Kurang
11/07/2024,14:50:04,22681.67,32.4,36.4,22.68167,1,Buruk,1,Berpotensi Merusak,1,Buruk (Sangat Kering),1,Kurang
11/07/2024,14:45:05,8972.5,33.1,34.6,8.9725,1,Buruk,1,Berpotensi Merusak,1,Buruk (Sangat Kering),1,Kurang
11/07/2024,14:40:03,9092.5,34.5,32.7,9.0925,1,Buruk,1,Berpotensi Merusak,1,Buruk (Sangat Kering),1,Kurang
11/07/2024,14:35:04,10239.17,35.2,31.6,10.23917,1,Buruk,1,Berpotensi Merusak,1,Buruk (Sangat Kering),1,Kurang
11/07/2024,14:30:04,32334.17,36,31.6,32.33417,2,Kurang Baik,1,Berpotensi Merusak,1,Buruk (Sangat Kering),1.2,Kurang
11/07/2024,14:25:03,14784.17,35,35.5,14.78417,1,Buruk,1,Berpotensi Merusak,1,Buruk (Sangat Kering),1,Kurang
11/07/2024,14:20:04,14288.33,35.2,36.6,14.28833,1,Buruk,1,Berpotensi Merusak,1,Buruk (Sangat Kering),1,Kurang
11/07/2024,14:15:05,33023.33,37.6,30.7,33.02333,2,Kurang Baik,1,Berpotensi Merusak,1,Buruk (Sangat Kering),1.2,Kurang
11/07/2024,14:10:07,35198.33,38,28.7,35.19833,2,Kurang Baik,1,Berpotensi Merusak,1,Buruk (Sangat Kering),1.2,Kurang
11/07/2024,14:05:06,38267.5,37,28.5,38.2675,2,Kurang Baik,1,Berpotensi Merusak,1,Buruk (Sangat Kering),1.2,Kurang
11/07/2024,14:00:04,40695,37.9,27.6,40.695,2,Kurang Baik,1,Berpotensi Merusak,1,Buruk (Sangat Kering),1.2,Kurang
11/07/2024,13:55:03,42929.16,38.4,27.1,42.92916,2,Kurang Baik,1,Berpotensi Merusak,1,Buruk (Sangat Kering),1.2,Kurang
11/07/2024,13:50:04,43444.16,39.4,25.5,43.44416,2,Kurang Baik,1,Berpotensi Merusak,1,Buruk (Sangat Kering),1.2,Kurang
11/07/2024,13:45:05,44604.16,39.3,26,44.60416,2,Kurang Baik,1,Berpotensi Merusak,1,Buruk (Sangat Kering),1.2,Kurang
11/07/2024,13:40:03,45328.33,39.4,27.5,45.32833,2,Kurang Baik,1,Berpotensi Merusak,1,Buruk (Sangat Kering),1.2,Kurang
11/07/2024,13:35:03,45548.33,38.9,26.8,45.54833,2,Kurang Baik,1,Berpotensi Merusak,1,Buruk (Sangat Kering),1.2,Kurang
11/07/2024,13:30:03,45536.66,38.6,26.6,45.53666,2,Kurang Baik,1,Berpotensi Merusak,1,Buruk (Sangat Kering),1.2,Kurang
11/07/2024,13:25:05,45945,38.9,27,45.945,2,Kurang Baik,1,Berpotensi Merusak,1,Buruk (Sangat Kering),1.2,Kurang
11/07/2024,13:20:03,46241.66,38.4,27.5,46.24166,2,Kurang Baik,1,Berpotensi Merusak,1,Buruk (Sangat Kering),1.2,Kurang
11/07/2024,13:15:03,48215,37.9,27.6,48.215,2,Kurang Baik,1,Berpotensi Merusak,1,Buruk (Sangat Kering),1.2,Kurang
11/07/2024,13:10:04,47856.66,38,27.3,47.85666,2,Kurang Baik,1,Berpotensi Merusak,1,Buruk (Sangat Kering),1.2,Kurang
11/07/2024,13:05:03,50930.83,37.8,27.1,50.93083,3,Optimal,1,Berpotensi Merusak,1,Buruk (Sangat Kering),1.4,Kurang
11/07/2024,13:00:03,52214.16,37.9,28.4,52.21416,3,Optimal,1,Berpotensi Merusak,1,Buruk (Sangat Kering),1.4,Kurang
11/07/2024,12:55:06,51707.5,37.2,28.2,51.7075,3,Optimal,1,Berpotensi Merusak,1,Buruk (Sangat Kering),1.4,Kurang
11/07/2024,12:50:03,54612.5,39.1,25.4,54.6125,3,Optimal,1,Berpotensi Merusak,1,Buruk (Sangat Kering),1.4,Kurang
11/07/2024,12:45:04,52330,39.9,26.4,52.33,3,Optimal,1,Berpotensi Merusak,1,Buruk (Sangat Kering),1.4,Kurang
11/07/2024,12:40:04,54612.5,39.2,25,54.6125,3,Optimal,1,Berpotensi Merusak,1,Buruk (Sangat Kering),1.4,Kurang
11/07/2024,12:35:03,54612.5,40,25.5,54.6125,3,Optimal,1,Berpotensi Merusak,1,Buruk (Sangat Kering),1.4,Kurang
11/07/2024,12:30:03,43763.33,39.5,26.1,43.76333,2,Kurang Baik,1,Berpotensi Merusak,1,Buruk (Sangat Kering),1.2,Kurang
11/07/2024,12:25:05,54612.5,39.8,25.5,54.6125,3,Optimal,1,Berpotensi Merusak,1,Buruk (Sangat Kering),1.4,Kurang
11/07/2024,12:20:04,54612.5,39.6,25.3,54.6125,3,Optimal,1,Berpotensi Merusak,1,Buruk (Sangat Kering),1.4,Kurang
11/07/2024,12:15:03,54612.5,39.8,25.5,54.6125,3,Optimal,1,Berpotensi Merusak,1,Buruk (Sangat Kering),1.4,Kurang
11/07/2024,12:10:04,54612.5,39.1,27.9,54.6125,3,Optimal,1,Berpotensi Merusak,1,Buruk (Sangat Kering),1.4,Kurang
11/07/2024,12:05:04,54612.5,38.3,27.4,54.6125,3,Optimal,1,Berpotensi Merusak,1,Buruk (Sangat Kering),1.4,Kurang
11/07/2024,12:00:03,54612.5,37.5,28.6,54.6125,3,Optimal,1,Berpotensi Merusak,1,Buruk (Sangat Kering),1.4,Kurang
11/07/2024,11:55:03,54612.5,36.3,29.7,54.6125,3,Optimal,1,Berpotensi Merusak,1,Buruk (Sangat Kering),1.4,Kurang
11/07/2024,11:50:05,54612.5,37.1,28.3,54.6125,3,Optimal,1,Berpotensi Merusak,1,Buruk (Sangat Kering),1.4,Kurang
11/07/2024,11:45:04,54612.5,36.7,31.5,54.6125,3,Optimal,1,Berpotensi Merusak,1,Buruk (Sangat Kering),1.4,Kurang
11/07/2024,11:40:03,54612.5,35.5,30.1,54.6125,3,Optimal,1,Berpotensi Merusak,1,Buruk (Sangat Kering),1.4,Kurang
11/07/2024,11:35:05,54612.5,36.4,31.5,54.6125,3,Optimal,1,Berpotensi Merusak,1,Buruk (Sangat Kering),1.4,Kurang
11/07/2024,11:30:05,54612.5,35.4,31.3,54.6125,3,Optimal,1,Berpotensi Merusak,1,Buruk (Sangat Kering),1.4,Kurang
11/07/2024,11:25:03,49305,35.1,30.3,49.305,2,Kurang Baik,1,Berpotensi Merusak,1,Buruk (Sangat Kering),1.2,Kurang
11/07/2024,11:20:05,54612.5,35.5,32.3,54.6125,3,Optimal,1,Berpotensi Merusak,1,Buruk (Sangat Kering),1.4,Kurang
11/07/2024,11:15:07,53060.83,34.6,31.8,53.06083,3,Optimal,1,Berpotensi Merusak,1,Buruk (Sangat Kering),1.4,Kurang
11/07/2024,11:10:06,54612.5,34.8,32.4,54.6125,3,Optimal,1,Berpotensi Merusak,1,Buruk (Sangat Kering),1.4,Kurang
11/07/2024,11:05:04,54612.5,34.7,33,54.6125,3,Optimal,1,Berpotensi Merusak,1,Buruk (Sangat Kering),1.4,Kurang
11/07/2024,11:00:12,51693.33,35.3,32.8,51.69333,3,Optimal,1,Berpotensi Merusak,1,Buruk (Sangat Kering),1.4,Kurang
11/07/2024,10:55:09,54612.5,34.6,32.9,54.6125,3,Optimal,1,Berpotensi Merusak,1,Buruk (Sangat Kering),1.4,Kurang
11/07/2024,10:50:15,54612.5,34.3,32.6,54.6125,3,Optimal,1,Berpotensi Merusak,1,Buruk (Sangat Kering),1.4,Kurang
11/07/2024,10:45:04,54612.5,35,31.2,54.6125,3,Optimal,1,Berpotensi Merusak,1,Buruk (Sangat Kering),1.4,Kurang
11/07/2024,10:40:05,54612.5,36.2,29,54.6125,3,Optimal,1,Berpotensi Merusak,1,Buruk (Sangat Kering),1.4,Kurang
11/07/2024,10:35:03,54612.5,37.6,29.2,54.6125,3,Optimal,1,Berpotensi Merusak,1,Buruk (Sangat Kering),1.4,Kurang
11/07/2024,10:30:03,54612.5,37.8,30.3,54.6125,3,Optimal,1,Berpotensi Merusak,1,Buruk (Sangat Kering),1.4,Kurang
11/07/2024,10:25:04,54612.5,36.9,30.3,54.6125,3,Optimal,1,Berpotensi Merusak,1,Buruk (Sangat Kering),1.4,Kurang
11/07/2024,10:20:04,47730,36.4,32.4,47.73,2,Kurang Baik,1,Berpotensi Merusak,1,Buruk (Sangat Kering),1.2,Kurang
11/07/2024,10:15:03,54612.5,36.3,31.3,54.6125,3,Optimal,1,Berpotensi Merusak,1,Buruk (Sangat Kering),1.4,Kurang
11/07/2024,10:10:04,54612.5,36.9,30.6,54.6125,3,Optimal,1,Berpotensi Merusak,1,Buruk (Sangat Kering),1.4,Kurang
11/07/2024,10:05:03,54492.5,36.6,31.9,54.4925,3,Optimal,1,Berpotensi Merusak,1,Buruk (Sangat Kering),1.4,Kurang
11/07/2024,10:00:03,54612.5,36.3,32.3,54.6125,3,Optimal,1,Berpotensi Merusak,1,Buruk (Sangat Kering),1.4,Kurang
11/07/2024,09:55:04,53859.16,36,34.5,53.85916,3,Optimal,1,Berpotensi Merusak,1,Buruk (Sangat Kering),1.4,Kurang
11/07/2024,09:50:03,53115,35,33.8,53.115,3,Optimal,1,Berpotensi Merusak,1,Buruk (Sangat Kering),1.4,Kurang
11/07/2024,09:45:03,51605.83,35.8,33.2,51.60583,3,Optimal,1,Berpotensi Merusak,1,Buruk (Sangat Kering),1.4,Kurang
11/07/2024,09:40:04,51521.66,36.2,32.5,51.52166,3,Optimal,1,Berpotensi Merusak,1,Buruk (Sangat Kering),1.4,Kurang
11/07/2024,09:35:03,48018.33,36.3,32.7,48.01833,2,Kurang Baik,1,Berpotensi Merusak,1,Buruk (Sangat Kering),1.2,Kurang
11/07/2024,09:30:04,47743.33,35.4,34.2,47.74333,2,Kurang Baik,1,Berpotensi Merusak,1,Buruk (Sangat Kering),1.2,Kurang
11/07/2024,09:25:04,45066.66,35,35,45.06666,2,Kurang Baik,1,Berpotensi Merusak,1,Buruk (Sangat Kering),1.2,Kurang
11/07/2024,09:20:03,45921.66,34.5,34.2,45.92166,2,Kurang Baik,1,Berpotensi Merusak,1,Buruk (Sangat Kering),1.2,Kurang
11/07/2024,09:15:03,44033.33,33.6,36.8,44.03333,2,Kurang Baik,1,Berpotensi Merusak,1,Buruk (Sangat Kering),1.2,Kurang
11/07/2024,09:10:04,34379.16,33.1,38.1,34.37916,2,Kurang Baik,1,Berpotensi Merusak,1,Buruk (Sangat Kering),1.2,Kurang
11/07/2024,09:05:03,40197.5,32.8,38.7,40.1975,2,Kurang Baik,1,Berpotensi Merusak,1,Buruk (Sangat Kering),1.2,Kurang
11/07/2024,09:00:04,37280,32.3,39.5,37.28,2,Kurang Baik,1,Berpotensi Merusak,1,Buruk (Sangat Kering),1.2,Kurang
11/07/2024,08:55:03,37708.33,32.2,40.7,37.70833,2,Kurang Baik,1,Berpotensi Merusak,2,Kurang Optimal (Kering),1.7,Kurang
11/07/2024,08:50:04,35755,31.2,41.5,35.755,2,Kurang Baik,1,Berpotensi Merusak,2,Kurang Optimal (Kering),1.7,Kurang
11/07/2024,08:45:05,30586.67,30.4,42,30.58667,2,Kurang Baik,1,Berpotensi Merusak,2,Kurang Optimal (Kering),1.7,Kurang
11/07/2024,08:40:03,32636.67,30.4,42.1,32.63667,2,Kurang Baik,1,Berpotensi Merusak,2,Kurang Optimal (Kering),1.7,Kurang
11/07/2024,08:35:07,32989.16,30.3,42.2,32.98916,2,Kurang Baik,1,Berpotensi Merusak,2,Kurang Optimal (Kering),1.7,Kurang
11/07/2024,08:30:05,32865,30.3,43.9,32.865,2,Kurang Baik,1,Berpotensi Merusak,2,Kurang Optimal (Kering),1.7,Kurang
11/07/2024,08:25:03,29033.33,29.4,45.1,29.03333,2,Kurang Baik,2,Kurang Optimal (Terlalu Panas),2,Kurang Optimal (Kering),2,Cukup
11/07/2024,08:20:05,24675.83,28.6,44.7,24.67583,1,Buruk,2,Kurang Optimal (Terlalu Panas),2,Kurang Optimal (Kering),1.8,Kurang
11/07/2024,08:15:05,27021.67,28.1,47,27.02167,2,Kurang Baik,2,Kurang Optimal (Terlalu Panas),2,Kurang Optimal (Kering),2,Cukup
11/07/2024,08:10:04,19402.5,27.1,49.8,19.4025,1,Buruk,4,Optimal,2,Kurang Optimal (Kering),2.4,Cukup
11/07/2024,08:05:04,21564.17,26.5,52.3,21.56417,1,Buruk,4,Optimal,3,Normal (Aman),2.9,Cukup
11/07/2024,08:00:04,18777.5,26,53.7,18.7775,1,Buruk,4,Optimal,3,Normal (Aman),2.9,Cukup
11/07/2024,07:55:03,12610,26.4,54.2,12.61,1,Buruk,4,Optimal,3,Normal (Aman),2.9,Cukup
11/07/2024,07:50:03,17562.5,26.1,53.8,17.5625,1,Buruk,4,Optimal,3,Normal (Aman),2.9,Cukup
11/07/2024,07:45:04,14081.67,25.9,55.1,14.08167,1,Buruk,4,Optimal,3,Normal (Aman),2.9,Cukup
11/07/2024,07:40:03,18900.83,25.4,56.5,18.90083,1,Buruk,4,Optimal,3,Normal (Aman),2.9,Cukup
11/07/2024,07:35:04,14587.5,24.5,61.6,14.5875,1,Buruk,3,Normal (Aman),4,Optimal,3.1,Baik
11/07/2024,07:30:04,14698.33,23.8,63.7,14.69833,1,Buruk,3,Normal (Aman),4,Optimal,3.1,Baik
11/07/2024,07:25:03,12021.67,22.9,65.3,12.02167,1,Buruk,3,Normal (Aman),4,Optimal,3.1,Baik
11/07/2024,07:20:03,10958.33,22.2,68.1,10.95833,1,Buruk,3,Normal (Aman),4,Optimal,3.1,Baik
11/07/2024,07:15:04,10425.83,21.4,68.7,10.42583,1,Buruk,3,Normal (Aman),4,Optimal,3.1,Baik
11/07/2024,07:10:03,9692.5,20.8,72.3,9.6925,1,Buruk,3,Normal (Aman),4,Optimal,3.1,Baik
11/07/2024,07:05:04,8799.17,20.2,74.3,8.79917,1,Buruk,3,Normal (Aman),4,Optimal,3.1,Baik
11/07/2024,07:00:03,7910.83,19.5,77.2,7.91083,1,Buruk,3,Normal (Aman),4,Optimal,3.1,Baik
11/07/2024,06:55:04,7181.67,18.9,79.5,7.18167,1,Buruk,3,Normal (Aman),4,Optimal,3.1,Baik
11/07/2024,06:50:03,6179.17,18.2,81.7,6.17917,1,Buruk,3,Normal (Aman),2,Kurang Optimal (Lembab),2.1,Cukup
11/07/2024,06:45:03,5335.83,17.5,84.2,5.33583,1,Buruk,2,Kurang Optimal (Terlalu Dingin),2,Kurang Optimal (Lembab),1.8,Kurang
11/07/2024,06:40:03,3360,17.1,85.6,3.36,1,Buruk,2,Kurang Optimal (Terlalu Dingin),2,Kurang Optimal (Lembab),1.8,Kurang
11/07/2024,06:35:04,2538.33,16.8,86.1,2.53833,1,Buruk,2,Kurang Optimal (Terlalu Dingin),2,Kurang Optimal (Lembab),1.8,Kurang
11/07/2024,06:30:03,1609.17,16.6,85.4,1.60917,1,Buruk,2,Kurang Optimal (Terlalu Dingin),2,Kurang Optimal (Lembab),1.8,Kurang
11/07/2024,06:25:04,1139.17,16.7,85,1.13917,1,Buruk,2,Kurang Optimal (Terlalu Dingin),2,Kurang Optimal (Lembab),1.8,Kurang
11/07/2024,06:20:04,932.5,16.7,85.1,0.9325,1,Buruk,2,Kurang Optimal (Terlalu Dingin),2,Kurang Optimal (Lembab),1.8,Kurang
11/07/2024,06:15:03,752.5,16.7,84.6,0.7525,1,Buruk,2,Kurang Optimal (Terlalu Dingin),2,Kurang Optimal (Lembab),1.8,Kurang
11/07/2024,06:10:04,455,16.8,84.6,0.455,1,Buruk,2,Kurang Optimal (Terlalu Dingin),2,Kurang Optimal (Lembab),1.8,Kurang
11/07/2024,06:05:03,246.67,16.8,84.8,0.24667,1,Buruk,2,Kurang Optimal (Terlalu Dingin),2,Kurang Optimal (Lembab),1.8,Kurang
11/07/2024,06:00:04,120.83,16.7,86.1,0.12083,1,Buruk,2,Kurang Optimal (Terlalu Dingin),2,Kurang Optimal (Lembab),1.8,Kurang
11/07/2024,05:55:03,57.5,16.7,86.8,0.0575,1,Buruk,2,Kurang Optimal (Terlalu Dingin),2,Kurang Optimal (Lembab),1.8,Kurang
11/07/2024,05:50:04,17.5,16.7,87,0.0175,1,Buruk,2,Kurang Optimal (Terlalu Dingin),2,Kurang Optimal (Lembab),1.8,Kurang
11/07/2024,05:45:03,4.17,16.6,87.4,0.00417,1,Buruk,2,Kurang Optimal (Terlalu Dingin),2,Kurang Optimal (Lembab),1.8,Kurang
11/07/2024,05:40:03,0.83,16.6,87,0.00083,1,Buruk,2,Kurang Optimal (Terlalu Dingin),2,Kurang Optimal (Lembab),1.8,Kurang
11/07/2024,05:35:04,0.83,16.6,86.1,0.00083,1,Buruk,2,Kurang Optimal (Terlalu Dingin),2,Kurang Optimal (Lembab),1.8,Kurang
11/07/2024,05:30:03,0,16.6,85.8,0,1,Buruk,2,Kurang Optimal (Terlalu Dingin),2,Kurang Optimal (Lembab),1.8,Kurang
11/07/2024,05:25:03,0,16.7,86.3,0,1,Buruk,2,Kurang Optimal (Terlalu Dingin),2,Kurang Optimal (Lembab),1.8,Kurang
11/07/2024,05:20:03,0,16.7,86.2,0,1,Buruk,2,Kurang Optimal (Terlalu Dingin),2,Kurang Optimal (Lembab),1.8,Kurang
11/07/2024,05:15:03,0,16.7,85.9,0,1,Buruk,2,Kurang Optimal (Terlalu Dingin),2,Kurang Optimal (Lembab),1.8,Kurang
11/07/2024,05:10:03,0,16.7,85.1,0,1,Buruk,2,Kurang Optimal (Terlalu Dingin),2,Kurang Optimal (Lembab),1.8,Kurang
11/07/2024,05:05:04,0,16.8,84.2,0,1,Buruk,2,Kurang Optimal (Terlalu Dingin),2,Kurang Optimal (Lembab),1.8,Kurang
11/07/2024,05:00:03,0,17,84,0,1,Buruk,2,Kurang Optimal (Terlalu Dingin),2,Kurang Optimal (Lembab),1.8,Kurang
11/07/2024,04:55:04,0,17,83.8,0,1,Buruk,2,Kurang Optimal (Terlalu Dingin),2,Kurang Optimal (Lembab),1.8,Kurang
11/07/2024,04:50:03,0,17.1,84.1,0,1,Buruk,2,Kurang Optimal (Terlalu Dingin),2,Kurang Optimal (Lembab),1.8,Kurang
11/07/2024,04:45:03,0,17.1,83.8,0,1,Buruk,2,Kurang Optimal (Terlalu Dingin),2,Kurang Optimal (Lembab),1.8,Kurang
11/07/2024,04:40:12,0,17.1,83.9,0,1,Buruk,2,Kurang Optimal (Terlalu Dingin),2,Kurang Optimal (Lembab),1.8,Kurang
11/07/2024,04:35:03,0,17.1,83.7,0,1,Buruk,2,Kurang Optimal (Terlalu Dingin),2,Kurang Optimal (Lembab),1.8,Kurang
11/07/2024,04:30:04,0,17.2,84.1,0,1,Buruk,2,Kurang Optimal (Terlalu Dingin),2,Kurang Optimal (Lembab),1.8,Kurang
11/07/2024,04:25:03,0,17.1,84.1,0,1,Buruk,2,Kurang Optimal (Terlalu Dingin),2,Kurang Optimal (Lembab),1.8,Kurang
11/07/2024,04:20:03,0,17.1,84.4,0,1,Buruk,2,Kurang Optimal (Terlalu Dingin),2,Kurang Optimal (Lembab),1.8,Kurang
11/07/2024,04:15:03,0,17,84.6,0,1,Buruk,2,Kurang Optimal (Terlalu Dingin),2,Kurang Optimal (Lembab),1.8,Kurang
11/07/2024,04:10:03,0,17,84.7,0,1,Buruk,2,Kurang Optimal (Terlalu Dingin),2,Kurang Optimal (Lembab),1.8,Kurang
11/07/2024,04:05:04,0,17,84.9,0,1,Buruk,2,Kurang Optimal (Terlalu Dingin),2,Kurang Optimal (Lembab),1.8,Kurang
11/07/2024,04:00:21,0,17,85.3,0,1,Buruk,2,Kurang Optimal (Terlalu Dingin),2,Kurang Optimal (Lembab),1.8,Kurang
11/07/2024,03:55:22,0,17,85.4,0,1,Buruk,2,Kurang Optimal (Terlalu Dingin),2,Kurang Optimal (Lembab),1.8,Kurang
11/07/2024,03:50:03,0,16.9,85.2,0,1,Buruk,2,Kurang Optimal (Terlalu Dingin),2,Kurang Optimal (Lembab),1.8,Kurang
11/07/2024,03:45:03,0,16.9,84,0,1,Buruk,2,Kurang Optimal (Terlalu Dingin),2,Kurang Optimal (Lembab),1.8,Kurang
11/07/2024,03:40:04,0,17,83.7,0,1,Buruk,2,Kurang Optimal (Terlalu Dingin),2,Kurang Optimal (Lembab),1.8,Kurang
11/07/2024,03:35:03,0,17.1,84.4,0,1,Buruk,2,Kurang Optimal (Terlalu Dingin),2,Kurang Optimal (Lembab),1.8,Kurang
11/07/2024,03:30:05,0,17,84.5,0,1,Buruk,2,Kurang Optimal (Terlalu Dingin),2,Kurang Optimal (Lembab),1.8,Kurang
11/07/2024,03:25:03,0,17,84.7,0,1,Buruk,2,Kurang Optimal (Terlalu Dingin),2,Kurang Optimal (Lembab),1.8,Kurang
11/07/2024,03:20:03,0,17.1,84.2,0,1,Buruk,2,Kurang Optimal (Terlalu Dingin),2,Kurang Optimal (Lembab),1.8,Kurang
11/07/2024,03:15:04,0,17.2,84.2,0,1,Buruk,2,Kurang Optimal (Terlalu Dingin),2,Kurang Optimal (Lembab),1.8,Kurang
11/07/2024,03:10:04,0,17.1,84.6,0,1,Buruk,2,Kurang Optimal (Terlalu Dingin),2,Kurang Optimal (Lembab),1.8,Kurang
11/07/2024,03:05:06,0,17.2,84.6,0,1,Buruk,2,Kurang Optimal (Terlalu Dingin),2,Kurang Optimal (Lembab),1.8,Kurang
11/07/2024,03:00:03,0,17.2,84.4,0,1,Buruk,2,Kurang Optimal (Terlalu Dingin),2,Kurang Optimal (Lembab),1.8,Kurang
11/07/2024,02:55:04,0,17.2,84.1,0,1,Buruk,2,Kurang Optimal (Terlalu Dingin),2,Kurang Optimal (Lembab),1.8,Kurang
11/07/2024,02:50:05,0,17.3,84.5,0,1,Buruk,2,Kurang Optimal (Terlalu Dingin),2,Kurang Optimal (Lembab),1.8,Kurang
11/07/2024,02:45:03,0,17.3,84.8,0,1,Buruk,2,Kurang Optimal (Terlalu Dingin),2,Kurang Optimal (Lembab),1.8,Kurang
11/07/2024,02:40:04,0,17.2,84.6,0,1,Buruk,2,Kurang Optimal (Terlalu Dingin),2,Kurang Optimal (Lembab),1.8,Kurang
11/07/2024,02:35:03,0,17.3,83.8,0,1,Buruk,2,Kurang Optimal (Terlalu Dingin),2,Kurang Optimal (Lembab),1.8,Kurang
11/07/2024,02:30:04,0,17.4,83.8,0,1,Buruk,2,Kurang Optimal (Terlalu Dingin),2,Kurang Optimal (Lembab),1.8,Kurang
11/07/2024,02:25:05,0,17.4,84,0,1,Buruk,2,Kurang Optimal (Terlalu Dingin),2,Kurang Optimal (Lembab),1.8,Kurang
11/07/2024,02:20:03,0,17.5,83.8,0,1,Buruk,2,Kurang Optimal (Terlalu Dingin),2,Kurang Optimal (Lembab),1.8,Kurang
11/07/2024,02:15:05,0,17.6,83.5,0,1,Buruk,2,Kurang Optimal (Terlalu Dingin),2,Kurang Optimal (Lembab),1.8,Kurang
11/07/2024,02:10:03,0,17.7,83.1,0,1,Buruk,2,Kurang Optimal (Terlalu Dingin),2,Kurang Optimal (Lembab),1.8,Kurang
11/07/2024,02:05:03,0,17.6,83.4,0,1,Buruk,2,Kurang Optimal (Terlalu Dingin),2,Kurang Optimal (Lembab),1.8,Kurang
11/07/2024,02:00:03,0,17.7,83.4,0,1,Buruk,2,Kurang Optimal (Terlalu Dingin),2,Kurang Optimal (Lembab),1.8,Kurang
11/07/2024,01:55:03,0,17.8,83,0,1,Buruk,2,Kurang Optimal (Terlalu Dingin),2,Kurang Optimal (Lembab),1.8,Kurang
11/07/2024,01:50:03,0,17.9,82.8,0,1,Buruk,2,Kurang Optimal (Terlalu Dingin),2,Kurang Optimal (Lembab),1.8,Kurang
11/07/2024,01:45:04,0,18,82.5,0,1,Buruk,2,Kurang Optimal (Terlalu Dingin),2,Kurang Optimal (Lembab),1.8,Kurang
11/07/2024,01:40:03,0,18,82.7,0,1,Buruk,2,Kurang Optimal (Terlalu Dingin),2,Kurang Optimal (Lembab),1.8,Kurang
11/07/2024,01:35:03,0,18.1,82.9,0,1,Buruk,3,Normal (Aman),2,Kurang Optimal (Lembab),2.1,Cukup
11/07/2024,01:30:04,0,18.1,84.1,0,1,Buruk,3,Normal (Aman),2,Kurang Optimal (Lembab),2.1,Cukup
11/07/2024,01:25:03,0,18.1,84.4,0,1,Buruk,3,Normal (Aman),2,Kurang Optimal (Lembab),2.1,Cukup
11/07/2024,01:20:03,0,18.2,84.1,0,1,Buruk,3,Normal (Aman),2,Kurang Optimal (Lembab),2.1,Cukup
11/07/2024,01:15:04,0,18.3,84.1,0,1,Buruk,3,Normal (Aman),2,Kurang Optimal (Lembab),2.1,Cukup
11/07/2024,01:10:03,0,18.3,84.7,0,1,Buruk,3,Normal (Aman),2,Kurang Optimal (Lembab),2.1,Cukup
11/07/2024,01:05:03,0,18.3,84.7,0,1,Buruk,3,Normal (Aman),2,Kurang Optimal (Lembab),2.1,Cukup
11/07/2024,01:00:03,0,18.4,85,0,1,Buruk,3,Normal (Aman),2,Kurang Optimal (Lembab),2.1,Cukup
11/07/2024,00:55:04,0,18.4,84.8,0,1,Buruk,3,Normal (Aman),2,Kurang Optimal (Lembab),2.1,Cukup
11/07/2024,00:50:03,0,18.5,84.8,0,1,Buruk,3,Normal (Aman),2,Kurang Optimal (Lembab),2.1,Cukup
11/07/2024,00:45:05,0,18.6,84.4,0,1,Buruk,3,Normal (Aman),2,Kurang Optimal (Lembab),2.1,Cukup
11/07/2024,00:40:04,0,18.7,85.5,0,1,Buruk,3,Normal (Aman),2,Kurang Optimal (Lembab),2.1,Cukup
11/07/2024,00:35:04,0,18.7,85.4,0,1,Buruk,3,Normal (Aman),2,Kurang Optimal (Lembab),2.1,Cukup
11/07/2024,00:30:03,0,18.8,85.3,0,1,Buruk,3,Normal (Aman),2,Kurang Optimal (Lembab),2.1,Cukup
11/07/2024,00:25:05,0,18.9,85,0,1,Buruk,3,Normal (Aman),2,Kurang Optimal (Lembab),2.1,Cukup
11/07/2024,00:20:04,0,19,84,0,1,Buruk,3,Normal (Aman),2,Kurang Optimal (Lembab),2.1,Cukup
11/07/2024,00:15:03,0,19.1,83.7,0,1,Buruk,3,Normal (Aman),2,Kurang Optimal (Lembab),2.1,Cukup
11/07/2024,00:10:05,0,19.2,83.4,0,1,Buruk,3,Normal (Aman),2,Kurang Optimal (Lembab),2.1,Cukup
11/07/2024,00:05:04,0,19.3,83,0,1,Buruk,3,Normal (Aman),2,Kurang Optimal (Lembab),2.1,Cukup
11/07/2024,00:00:03,0,19.4,83.4,0,1,Buruk,3,Normal (Aman),2,Kurang Optimal (Lembab),2.1,Cukup
10/07/2024,23:55:03,0,19.6,83.5,0,1,Buruk,3,Normal (Aman),2,Kurang Optimal (Lembab),2.1,Cukup
10/07/2024,23:50:04,0,19.7,83.5,0,1,Buruk,3,Normal (Aman),2,Kurang Optimal (Lembab),2.1,Cukup
10/07/2024,23:45:03,0,19.8,83.3,0,1,Buruk,3,Normal (Aman),2,Kurang Optimal (Lembab),2.1,Cukup
10/07/2024,23:40:10,0,20.1,83.2,0,1,Buruk,3,Normal (Aman),2,Kurang Optimal (Lembab),2.1,Cukup
10/07/2024,23:35:05,0,20.2,83.5,0,1,Buruk,3,Normal (Aman),2,Kurang Optimal (Lembab),2.1,Cukup
10/07/2024,23:30:03,0,20.2,84.5,0,1,Buruk,3,Normal (Aman),2,Kurang Optimal (Lembab),2.1,Cukup
10/07/2024,23:25:03,0,20.2,85.1,0,1,Buruk,3,Normal (Aman),2,Kurang Optimal (Lembab),2.1,Cukup
10/07/2024,23:20:03,0,20.1,85.1,0,1,Buruk,3,Normal (Aman),2,Kurang Optimal (Lembab),2.1,Cukup
10/07/2024,23:15:03,0,20.2,84.6,0,1,Buruk,3,Normal (Aman),2,Kurang Optimal (Lembab),2.1,Cukup
10/07/2024,23:10:03,0,20.2,84.7,0,1,Buruk,3,Normal (Aman),2,Kurang Optimal (Lembab),2.1,Cukup
10/07/2024,23:05:04,0,20.2,85.6,0,1,Buruk,3,Normal (Aman),2,Kurang Optimal (Lembab),2.1,Cukup
10/07/2024,23:00:03,0,20.2,85.6,0,1,Buruk,3,Normal (Aman),2,Kurang Optimal (Lembab),2.1,Cukup
10/07/2024,22:55:03,0,20.3,85.2,0,1,Buruk,3,Normal (Aman),2,Kurang Optimal (Lembab),2.1,Cukup
10/07/2024,22:50:04,0,20.3,86,0,1,Buruk,3,Normal (Aman),2,Kurang Optimal (Lembab),2.1,Cukup
10/07/2024,22:45:03,0,20.1,86.4,0,1,Buruk,3,Normal (Aman),2,Kurang Optimal (Lembab),2.1,Cukup
10/07/2024,22:40:04,0,19.9,86.3,0,1,Buruk,3,Normal (Aman),2,Kurang Optimal (Lembab),2.1,Cukup
10/07/2024,22:35:04,0,19.9,85.8,0,1,Buruk,3,Normal (Aman),2,Kurang Optimal (Lembab),2.1,Cukup
10/07/2024,22:30:04,0,20,84.2,0,1,Buruk,3,Normal (Aman),2,Kurang Optimal (Lembab),2.1,Cukup
10/07/2024,22:25:03,0,20.1,83.3,0,1,Buruk,3,Normal (Aman),2,Kurang Optimal (Lembab),2.1,Cukup
10/07/2024,22:20:04,0,20.2,83.8,0,1,Buruk,3,Normal (Aman),2,Kurang Optimal (Lembab),2.1,Cukup
10/07/2024,22:15:04,0,20.2,84.2,0,1,Buruk,3,Normal (Aman),2,Kurang Optimal (Lembab),2.1,Cukup
10/07/2024,22:10:03,0,20.2,84.8,0,1,Buruk,3,Normal (Aman),2,Kurang Optimal (Lembab),2.1,Cukup
10/07/2024,22:05:04,0,20.3,84.5,0,1,Buruk,3,Normal (Aman),2,Kurang Optimal (Lembab),2.1,Cukup
10/07/2024,22:00:04,0,20.4,84.7,0,1,Buruk,3,Normal (Aman),2,Kurang Optimal (Lembab),2.1,Cukup
10/07/2024,21:55:05,0,20.3,85.1,0,1,Buruk,3,Normal (Aman),2,Kurang Optimal (Lembab),2.1,Cukup
10/07/2024,21:50:03,0,20.3,85.4,0,1,Buruk,3,Normal (Aman),2,Kurang Optimal (Lembab),2.1,Cukup
10/07/2024,21:45:04,0,20.3,84.7,0,1,Buruk,3,Normal (Aman),2,Kurang Optimal (Lembab),2.1,Cukup
10/07/2024,21:40:05,0,20.5,83.5,0,1,Buruk,3,Normal (Aman),2,Kurang Optimal (Lembab),2.1,Cukup
10/07/2024,21:35:04,0,20.8,83.1,0,1,Buruk,3,Normal (Aman),2,Kurang Optimal (Lembab),2.1,Cukup
10/07/2024,21:30:03,0,20.9,82.6,0,1,Buruk,3,Normal (Aman),2,Kurang Optimal (Lembab),2.1,Cukup
10/07/2024,21:25:04,0,20.9,82.4,0,1,Buruk,3,Normal (Aman),2,Kurang Optimal (Lembab),2.1,Cukup
10/07/2024,21:20:03,0,20.9,81.7,0,1,Buruk,3,Normal (Aman),2,Kurang Optimal (Lembab),2.1,Cukup
10/07/2024,21:15:03,0,21,81.3,0,1,Buruk,3,Normal (Aman),2,Kurang Optimal (Lembab),2.1,Cukup
10/07/2024,21:10:05,0,20.9,81.1,0,1,Buruk,3,Normal (Aman),2,Kurang Optimal (Lembab),2.1,Cukup
10/07/2024,21:05:03,0,21,81.3,0,1,Buruk,3,Normal (Aman),2,Kurang Optimal (Lembab),2.1,Cukup
10/07/2024,21:00:04,0,21,81,0,1,Buruk,3,Normal (Aman),2,Kurang Optimal (Lembab),2.1,Cukup
10/07/2024,20:55:05,0,21,81.2,0,1,Buruk,3,Normal (Aman),2,Kurang Optimal (Lembab),2.1,Cukup
10/07/2024,20:50:03,0,21.2,82.1,0,1,Buruk,3,Normal (Aman),2,Kurang Optimal (Lembab),2.1,Cukup
10/07/2024,20:45:04,0,21.2,82.4,0,1,Buruk,3,Normal (Aman),2,Kurang Optimal (Lembab),2.1,Cukup
10/07/2024,20:40:05,0,21.3,82.2,0,1,Buruk,3,Normal (Aman),2,Kurang Optimal (Lembab),2.1,Cukup
10/07/2024,20:35:04,0,21.4,82.4,0,1,Buruk,3,Normal (Aman),2,Kurang Optimal (Lembab),2.1,Cukup
10/07/2024,20:30:04,0,21.3,82.4,0,1,Buruk,3,Normal (Aman),2,Kurang Optimal (Lembab),2.1,Cukup
10/07/2024,20:25:05,0,21.2,82.7,0,1,Buruk,3,Normal (Aman),2,Kurang Optimal (Lembab),2.1,Cukup
10/07/2024,20:20:03,0,21.3,82.7,0,1,Buruk,3,Normal (Aman),2,Kurang Optimal (Lembab),2.1,Cukup
10/07/2024,20:15:04,0,21.3,82.6,0,1,Buruk,3,Normal (Aman),2,Kurang Optimal (Lembab),2.1,Cukup
10/07/2024,20:10:03,0,21.3,82.4,0,1,Buruk,3,Normal (Aman),2,Kurang Optimal (Lembab),2.1,Cukup
10/07/2024,20:05:04,0,21.3,82.1,0,1,Buruk,3,Normal (Aman),2,Kurang Optimal (Lembab),2.1,Cukup
10/07/2024,20:00:05,0,21.2,82.3,0,1,Buruk,3,Normal (Aman),2,Kurang Optimal (Lembab),2.1,Cukup
10/07/2024,19:55:03,0,21.2,82.4,0,1,Buruk,3,Normal (Aman),2,Kurang Optimal (Lembab),2.1,Cukup
10/07/2024,19:50:04,0,21,83,0,1,Buruk,3,Normal (Aman),2,Kurang Optimal (Lembab),2.1,Cukup
10/07/2024,19:45:04,0,20.8,83.2,0,1,Buruk,3,Normal (Aman),2,Kurang Optimal (Lembab),2.1,Cukup
10/07/2024,19:40:03,0,20.8,83.2,0,1,Buruk,3,Normal (Aman),2,Kurang Optimal (Lembab),2.1,Cukup
10/07/2024,19:35:04,0,20.8,82.6,0,1,Buruk,3,Normal (Aman),2,Kurang Optimal (Lembab),2.1,Cukup
10/07/2024,19:30:04,0,20.8,82.6,0,1,Buruk,3,Normal (Aman),2,Kurang Optimal (Lembab),2.1,Cukup
10/07/2024,19:25:04,0,20.7,82.4,0,1,Buruk,3,Normal (Aman),2,Kurang Optimal (Lembab),2.1,Cukup
10/07/2024,19:20:04,0,20.7,82.8,0,1,Buruk,3,Normal (Aman),2,Kurang Optimal (Lembab),2.1,Cukup
10/07/2024,19:15:04,0,20.8,82.7,0,1,Buruk,3,Normal (Aman),2,Kurang Optimal (Lembab),2.1,Cukup
10/07/2024,19:10:03,0,20.8,82.8,0,1,Buruk,3,Normal (Aman),2,Kurang Optimal (Lembab),2.1,Cukup
10/07/2024,19:05:04,0,20.8,82.3,0,1,Buruk,3,Normal (Aman),2,Kurang Optimal (Lembab),2.1,Cukup
10/07/2024,19:00:04,0,20.8,81.8,0,1,Buruk,3,Normal (Aman),2,Kurang Optimal (Lembab),2.1,Cukup
10/07/2024,18:55:03,0,20.9,81.6,0,1,Buruk,3,Normal (Aman),2,Kurang Optimal (Lembab),2.1,Cukup
10/07/2024,18:50:04,0,20.9,81.8,0,1,Buruk,3,Normal (Aman),2,Kurang Optimal (Lembab),2.1,Cukup
10/07/2024,18:45:08,0,21,81.1,0,1,Buruk,3,Normal (Aman),2,Kurang Optimal (Lembab),2.1,Cukup
10/07/2024,18:40:05,0,21.1,80.8,0,1,Buruk,3,Normal (Aman),2,Kurang Optimal (Lembab),2.1,Cukup
10/07/2024,18:35:04,0,21.2,80.7,0,1,Buruk,3,Normal (Aman),2,Kurang Optimal (Lembab),2.1,Cukup
10/07/2024,18:30:03,0,21.2,80.6,0,1,Buruk,3,Normal (Aman),2,Kurang Optimal (Lembab),2.1,Cukup
10/07/2024,18:25:04,0,21.2,80.7,0,1,Buruk,3,Normal (Aman),2,Kurang Optimal (Lembab),2.1,Cukup
10/07/2024,18:20:04,0,21.3,80.3,0,1,Buruk,3,Normal (Aman),2,Kurang Optimal (Lembab),2.1,Cukup
10/07/2024,18:15:03,0,21.5,79.9,0,1,Buruk,3,Normal (Aman),4,Optimal,3.1,Baik
10/07/2024,18:10:06,0.83,21.5,79.3,0.00083,1,Buruk,3,Normal (Aman),4,Optimal,3.1,Baik
10/07/2024,18:05:04,1.67,21.6,78.5,0.00167,1,Buruk,3,Normal (Aman),4,Optimal,3.1,Baik
10/07/2024,18:00:03,5,22,77.5,0.005,1,Buruk,3,Normal (Aman),4,Optimal,3.1,Baik
10/07/2024,17:55:04,22.5,22.1,77.5,0.0225,1,Buruk,3,Normal (Aman),4,Optimal,3.1,Baik
10/07/2024,17:50:05,45,22.2,77.2,0.045,1,Buruk,3,Normal (Aman),4,Optimal,3.1,Baik
10/07/2024,17:45:03,78.33,22.4,77,0.07833,1,Buruk,3,Normal (Aman),4,Optimal,3.1,Baik
10/07/2024,17:40:04,138.33,22.4,76,0.13833,1,Buruk,3,Normal (Aman),4,Optimal,3.1,Baik
10/07/2024,17:35:04,220.83,22.7,75.3,0.22083,1,Buruk,3,Normal (Aman),4,Optimal,3.1,Baik
10/07/2024,17:30:03,314.17,23,74.1,0.31417,1,Buruk,3,Normal (Aman),4,Optimal,3.1,Baik
10/07/2024,17:25:05,415,23.1,73.8,0.415,1,Buruk,3,Normal (Aman),4,Optimal,3.1,Baik
10/07/2024,17:20:05,551.67,23.3,73,0.55167,1,Buruk,3,Normal (Aman),4,Optimal,3.1,Baik
10/07/2024,17:15:04,746.67,23.5,72.2,0.74667,1,Buruk,3,Normal (Aman),4,Optimal,3.1,Baik
10/07/2024,17:10:03,897.5,23.8,70.6,0.8975,1,Buruk,3,Normal (Aman),4,Optimal,3.1,Baik
10/07/2024,17:05:03,1046.67,23.9,70,1.04667,1,Buruk,3,Normal (Aman),4,Optimal,3.1,Baik
10/07/2024,17:00:03,1216.67,24.3,68.9,1.21667,1,Buruk,3,Normal (Aman),4,Optimal,3.1,Baik
10/07/2024,16:55:03,1443.33,24.6,67.3,1.44333,1,Buruk,3,Normal (Aman),4,Optimal,3.1,Baik
10/07/2024,16:50:03,1725,25.3,64.6,1.725,1,Buruk,4,Optimal,4,Optimal,3.4,Baik
10/07/2024,16:45:03,2150,25.7,63,2.15,1,Buruk,4,Optimal,4,Optimal,3.4,Baik
10/07/2024,16:40:04,2222.5,26.3,60.8,2.2225,1,Buruk,4,Optimal,4,Optimal,3.4,Baik
10/07/2024,16:35:03,3333.33,27.1,59.7,3.33333,1,Buruk,4,Optimal,3,Normal (Aman),2.9,Cukup
10/07/2024,16:30:07,4084.17,27.5,59,4.08417,1,Buruk,4,Optimal,3,Normal (Aman),2.9,Cukup
10/07/2024,16:25:04,4230,27.1,59.7,4.23,1,Buruk,4,Optimal,3,Normal (Aman),2.9,Cukup
10/07/2024,16:20:04,4213.33,27.1,59.8,4.21333,1,Buruk,4,Optimal,3,Normal (Aman),2.9,Cukup
10/07/2024,16:15:05,7389.17,27.1,60.6,7.38917,1,Buruk,4,Optimal,4,Optimal,3.4,Baik
10/07/2024,16:10:04,1620,24.6,66.4,1.62,1,Buruk,3,Normal (Aman),4,Optimal,3.1,Baik
10/07/2024,16:05:03,1620,24.6,66.4,1.62,1,Buruk,3,Normal (Aman),4,Optimal,3.1,Baik
10/07/2024,16:00:03,1620,24.6,66.4,1.62,1,Buruk,3,Normal (Aman),4,Optimal,3.1,Baik
10/07/2024,15:55:03,1620,24.6,66.4,1.62,1,Buruk,3,Normal (Aman),4,Optimal,3.1,Baik
10/07/2024,15:50:04,1620,24.6,66.4,1.62,1,Buruk,3,Normal (Aman),4,Optimal,3.1,Baik
10/07/2024,15:45:04,1789.17,24.7,66.2,1.78917,1,Buruk,3,Normal (Aman),4,Optimal,3.1,Baik
10/07/2024,15:40:05,1715,25,64.9,1.715,1,Buruk,4,Optimal,4,Optimal,3.4,Baik
10/07/2024,15:35:04,1305,25.4,64,1.305,1,Buruk,4,Optimal,4,Optimal,3.4,Baik
